id,name,age,age_bin,gender,affiliation,donor_code,manager,major,address_type,city,state,zip_code,job_title,employer,annual_fund_rating,major_gift_capacity,low_egc,high_egc,inclination,alumni_engagement,stage,last_gift_date,last_gift_amount,fy17_giving,fy16_giving,fy15_giving,fy14_giving,fy13_giving,lifetime_giving,last_attempt_date,last_contact_date,last_contact_type,phone_count,ftf_visit_count,gift_count
ID001,Tommy,48,40-49,M,'68,"Alumni, Non-Degreed",Tommy Tar,NA,Permanent,Orlando,FL,32804,Supervisor,This Company,2500,"$100,000 - $249,999",100000,249999,High,NA,Cultivation,NA,NA,NA,NA,NA,NA,NA,NA,NA,2017-06-21T00:00:00Z,Personal Correspondence,NA,NA,1
ID002,Neil,60,60-69,M,'80,"Alumni, Degreed",Tommy Tar,Business Administration,Permanent,Winter Park,FL,32789,Assistant Vice President,That Corporation,2500,"$100,000 - $249,999",100000,249999,Unknown,D,Qualification,NA,NA,NA,NA,NA,NA,NA,NA,NA,NA,NA,5,NA,NA
ID003,Cat,71,70-79,F,'68,"Alumni, Degreed",Tommy Tar,Theatre Arts,Permanent,Orlando,FL,32836,VP CEO,Another Company,2500,"$100,000 - $249,999",100000,249999,Unknown,C,Qualification,2013-03-11T00:00:00Z,100,NA,NA,NA,NA,NA,100,NA,2018-03-22T00:00:00Z,Email Contact,5,NA,1
ID004,Eddie,64,60-69,M,'01MBA '13MLS P'13,"Alumni, Business School",Tommy Tar,NA,Permanent,Winter Park,FL,32789,Chief Operating Officer,Yet Another Corporation,3000,"$50,000 - $99,999",50000,99999,Unknown,B,Not a MG Prospect Now,2016-11-10T00:00:00Z,250,250,2000,NA,NA,4250,NA,NA,2017-07-05T00:00:00Z,Email Contact,2,11,17
ID005,Jennie,56,50-59,F,'84,"Alumni, Degreed",Tommy Tar,Economics,Permanent,New York,NY,10001,Supervisor,A Nonprofit Organization,3000,"$250,000 - $499,999",250000,499999,Unknown,B,Qualification,2016-05-27T00:00:00Z,1881,NA,NA,1881,NA,1910,100,2018-02-28T00:00:00Z,2018-02-01T00:00:00Z,Phone Call,23,7,19
ID006,Kurt,76,70-79,M,'64,"Alumni, Degreed",Tommy Tar,Physics,Permanent,Orlando,FL,32836,Supervisor,A Government Entity,2500,"$50,000 - $99,999",50000,99999,Low,A,Cultivation,2017-05-15T00:00:00Z,100,NA,100,100,100,200,100,2015-01-05T00:00:00Z,2017-06-16T00:00:00Z,Personal Correspondence,15,4,37
ID007,Miles,59,50-59,M,'80 P'15,"Alumni, Degreed",Tommy Tar,Politics,Work,Winter Park,FL,32790,AVP,This Company,6000,"$50,000 - $99,999",50000,99999,Moderate,A,Cultivation,2017-01-09T00:00:00Z,4000,NA,4000,4000,4075,7550,7400,2017-11-29T00:00:00Z,2018-01-10T00:00:00Z,Personal Correspondence,5,19,21
ID008,Jaco,0,0-29,M,'73,"Alumni, Degreed",Tommy Tar,NA,Permanent,Winter Park,FL,32789,VP CEO,That Corporation,2500,"$250,000 - $499,999",250000,499999,Unknown,D,Qualification,2002-09-11T00:00:00Z,2500,NA,NA,NA,NA,NA,NA,2013-11-14T00:00:00Z,NA,NA,4,NA,11
ID009,James,85,80-89,M,'56,"Alumni, Degreed",Tommy Tar,History,Permanent,Winter Park,FL,32789,Chief Operating Officer,Another Company,2500,"$50,000 - $99,999",50000,99999,High,B,Stewardship,2017-01-03T00:00:00Z,100,NA,100,NA,85000,500,2385,2014-06-16T00:00:00Z,2017-12-06T00:00:00Z,Face-to-Face Visit,18,11,30
ID010,Georrgia,57,50-59,F,'83,"Alumni, Degreed",Tommy Tar,History,Permanent,New York,NY,10001,Supervisor,Yet Another Corporation,2500,"$50,000 - $99,999",50000,99999,Unknown,B,Qualification,2017-08-18T00:00:00Z,50,50,50,50,100,100,100,NA,2017-06-16T00:00:00Z,Personal Correspondence,2,NA,32
ID011,John,30,30-39,M,'09,"Alumni, Degreed",Tommy Tar,International Business,Permanent,Maitland,FL,32751,Supervisor,A Nonprofit Organization,2500,"$50,000 - $99,999",50000,99999,Unknown,B,Qualification,2017-10-11T00:00:00Z,1,NA,NA,NA,NA,NA,NA,NA,2017-11-14T00:00:00Z,Personal Correspondence,3,3,NA
ID012,Geddy,46,40-49,M,'95,"Alumni, Degreed",Tommy Tar,Sociology,Permanent,New York,NY,10001,AVP,A Government Entity,4000,"$50,000 - $99,999",50000,99999,Moderate,A,Qualification,2018-01-02T00:00:00Z,2500,2850,2800,2500,2500,2500,2500,2004-01-08T00:00:00Z,2018-01-10T00:00:00Z,Face-to-Face Visit; Personal Correspondence,13,6,24
ID013,Charlene,52,50-59,F,'86,"Alumni, Degreed",Tommy Tar,International Relations,Work,Winter Park,FL,32789,VP CEO,This Company,2500,"$100,000 - $249,999",100000,249999,Unknown,B,Cultivation,2015-11-04T00:00:00Z,200,NA,NA,200,210,NA,200,2003-10-17T00:00:00Z,2018-01-09T00:00:00Z,Face-to-Face Visit,15,7,26
ID014,John,58,50-59,M,'81,"Alumni, Degreed",Tommy Tar,Biology,Permanent,Tampa,FL,33610,Chief Operating Officer,That Corporation,2500,"$50,000 - $99,999",50000,99999,Unknown,B,Qualification,2013-10-15T00:00:00Z,500,NA,NA,NA,NA,500,NA,2017-12-13T00:00:00Z,2015-05-26T00:00:00Z,Email Contact,3,2,2
ID015,Dave,47,40-49,M,'92,"Alumni, Degreed",Tommy Tar,Anthropology,Permanent,New York,NY,10001,Supervisor,Another Company,2500,"$500,000 - $999,999",500000,999999,Unknown,B,Qualification,1996-12-12T00:00:00Z,25,NA,NA,NA,NA,NA,NA,2017-01-19T00:00:00Z,2013-07-29T00:00:00Z,Personal Correspondence,13,NA,1
ID016,John,50,50-59,M,'90,"Alumni, Degreed",Tommy Tar,Economics,Permanent,Winter Park,FL,32789,Director,Yet Another Corporation,2500,"$100,000 - $249,999",100000,249999,Low,B,Cultivation,2016-03-07T00:00:00Z,100,NA,NA,100,NA,100,NA,2017-12-13T00:00:00Z,2014-10-16T00:00:00Z,Face-to-Face Visit,6,1,4
ID018,Bibi,59,50-59,F,'80,"Alumni, Degreed",Tommy Tar,Communication (history): English,Permanent,Winter Park,FL,32789,VP CEO,A Government Entity,2500,"$250,000 - $499,999",250000,499999,Low,C,Qualification,1997-08-06T00:00:00Z,50,NA,NA,NA,NA,NA,NA,2014-02-26T00:00:00Z,2013-11-22T00:00:00Z,Personal Correspondence,3,2,2
ID019,Chris,63,60-69,M,'76,"Alumni, Degreed",Tommy Tar,Business Administration,Permanent,Orlando,FL,32827,Chief Operating Officer,This Company,2500,"$100,000 - $249,999",100000,249999,Unknown,B,Qualification,2015-10-19T00:00:00Z,250,NA,NA,250,NA,NA,250,2007-04-10T00:00:00Z,2015-01-22T00:00:00Z,Email Contact,12,NA,42
ID020,George,54,50-59,M,'85,"Alumni, Degreed",Tommy Tar,Mathematics,Permanent,San Francisco,CA,94101,Senior Director,That Corporation,2500,"$50,000 - $99,999",50000,99999,Low,B,Qualification,2014-03-10T00:00:00Z,100,NA,NA,NA,NA,100,NA,2013-10-16T00:00:00Z,2017-03-01T00:00:00Z,Personal Correspondence,5,NA,3
ID021,Danielle,70,70-79,F,'92MLS,"Alumni, Grad School",Tommy Tar,NA,Permanent,Orlando,FL,32806,Supervisor,Another Company,2500,"$50,000 - $99,999",50000,99999,Unknown,C,Qualification,2010-09-02T00:00:00Z,200,NA,NA,NA,NA,NA,NA,2017-02-20T00:00:00Z,2015-03-17T00:00:00Z,Personal Correspondence,4,1,12
ID022,Marshall,63,60-69,M,'78,"Alumni, Degreed",Tommy Tar,Business Administration,Permanent,Apopka,FL,32703,AVP,Yet Another Corporation,2500,"$100,000 - $249,999",100000,249999,Unknown,C,Qualification,NA,NA,NA,NA,NA,NA,NA,NA,2018-03-12T00:00:00Z,2009-09-21T00:00:00Z,Phone Call,10,1,NA
ID023,Fiona,55,50-59,F,'84,"Alumni, Degreed",Tommy Tar,Anthropology-Sociology: Business Administration,Permanent,Minneapolis,MN,55437,VP CEO,A Nonprofit Organization,2500,"$100,000 - $249,999",100000,249999,Unknown,C,Qualification,1989-03-28T00:00:00Z,50,NA,NA,NA,NA,NA,NA,2015-12-02T00:00:00Z,2013-04-30T00:00:00Z,Personal Correspondence,2,1,1
ID024,Janet,73,70-79,F,'82,"Alumni, Degreed",Tommy Tar,Art History,Permanent,Winter Park,FL,32789,Chief Operating Officer,A Government Entity,2500,"$100,000 - $249,999",100000,249999,Unknown,D,Qualification,NA,NA,NA,NA,NA,NA,NA,NA,NA,2016-06-21T00:00:00Z,Personal Correspondence,7,NA,NA
ID025,Jill,68,60-69,F,'71,"Alumni, Degreed",Tommy Tar,Studio Art,Permanent,Clarendon Hills,IL,60514,Supervisor,This Company,3000,"$100,000 - $249,999",100000,249999,Unknown,B,Qualification,2015-05-20T00:00:00Z,1000,NA,NA,NA,1000,1000,NA,2013-05-28T00:00:00Z,2015-05-13T00:00:00Z,Email Contact,1,NA,9
ID026,Karen,47,40-49,F,'92,"Alumni, Degreed",Tommy Tar,English,Permanent,Maitland,FL,32751,Supervisor,That Corporation,2500,"$100,000 - $249,999",100000,249999,Unknown,B,Qualification,2017-04-03T00:00:00Z,250,NA,250,NA,NA,250,200,2015-12-01T00:00:00Z,2017-06-16T00:00:00Z,Personal Correspondence,11,1,11
ID027,Kanye,0,0-29,M,NA,Friend,Tommy Tar,NA,Permanent,Maitland,FL,32751,AVP,Another Company,2500,"$100,000 - $249,999",100000,249999,NA,NA,Cultivation,NA,NA,NA,NA,NA,NA,NA,NA,NA,2017-03-01T00:00:00Z,Email Contact,3,1,NA
ID028,Leslie,73,70-79,F,'66,"Alumni, Degreed",Tommy Tar,English: Psychology,Permanent,Winter Park,FL,32789,VP CEO,Yet Another Corporation,2500,"$50,000 - $99,999",50000,99999,Low,B,Qualification,2017-08-22T00:00:00Z,75,75,NA,100,NA,100,NA,NA,2017-12-14T00:00:00Z,Email Contact,8,4,24
ID029,Lisa,64,60-69,F,'75,"Alumni, Degreed",Tommy Tar,English,Permanent,Orlando,FL,32832,Chief Operating Officer,A Nonprofit Organization,2500,"$100,000 - $249,999",100000,249999,Moderate,A,Qualification,2018-03-08T00:00:00Z,50,50,500,550,50,50,1935,2004-09-30T00:00:00Z,2017-11-20T00:00:00Z,Email Contact,11,8,34
ID030,Marion,64,60-69,F,'75,"Alumni, Non-Degreed",Tommy Tar,NA,Permanent,Maitland,FL,32751,Supervisor,A Government Entity,2500,"$250,000 - $499,999",250000,499999,Unknown,NA,Qualification,2010-04-19T00:00:00Z,2000,NA,NA,NA,NA,NA,NA,NA,2018-02-04T00:00:00Z,Email Contact,2,10,7
ID031,Stevie Ray,45,40-49,M,'95,"Alumni, Degreed",Tommy Tar,Economics: Mathematics,Permanent,Orlando,FL,32836,Supervisor,This Company,2500,"$100,000 - $249,999",100000,249999,Unknown,B,Qualification,2008-12-15T00:00:00Z,500,NA,NA,NA,NA,NA,NA,2010-04-27T00:00:00Z,2009-03-27T00:00:00Z,Personal Correspondence,16,NA,7
ID032,Steve,51,50-59,M,'92,"Alumni, Degreed",Tommy Tar,Psychology,Permanent,Winter Park,FL,32789,AVP,That Corporation,2500,"$50,000 - $99,999",50000,99999,Unknown,B,Qualification,2017-04-21T00:00:00Z,250,NA,250,NA,250,150,150,2017-05-30T00:00:00Z,2017-06-16T00:00:00Z,Personal Correspondence,10,2,13
ID033,Mary,59,50-59,F,'80,"Alumni, Degreed",Tommy Tar,International Relations,Permanent,San Francisco,CA,94102,VP CEO,Another Company,2500,"$50,000 - $99,999",50000,99999,Low,C,Qualification,NA,NA,NA,NA,NA,NA,NA,NA,2017-12-13T00:00:00Z,2013-04-05T00:00:00Z,Personal Correspondence,2,NA,5
ID034,Angus,59,50-59,M,'81,"Alumni, Degreed",Tommy Tar,Business Administration: Politics,Permanent,Winter Park,FL,32789,Chief Operating Officer,Yet Another Corporation,2500,"$50,000 - $99,999",50000,99999,Low,B,Qualification,2016-11-14T00:00:00Z,500,NA,500,100,NA,NA,NA,2017-11-15T00:00:00Z,2017-10-30T00:00:00Z,Email Contact,7,3,19
ID035,Doug,63,60-69,M,'73,"Alumni, Degreed",Tommy Tar,History,Permanent,Golden Oak,FL,32836,Supervisor,A Nonprofit Organization,4000,"$50,000 - $99,999",50000,99999,Moderate,B,Qualification,2017-12-15T00:00:00Z,2000,2000,2500,1000,2000,1885,1885,2008-03-06T00:00:00Z,2018-01-10T00:00:00Z,Personal Correspondence,11,4,21
ID036,Ty,0,0-29,M,NA,Friend,Tommy Tar,NA,Work,Winter Park,FL,32789,Supervisor,A Government Entity,125,NA,NA,NA,Unknown,NA,Disqualified as a MG Prosp,2017-09-22T00:00:00Z,2100,2100,2000,4100,NA,NA,NA,NA,2018-01-10T00:00:00Z,Personal Correspondence,NA,7,5
ID037,Nora,71,70-79,F,'68,"Alumni, Degreed",Tommy Tar,Elementary Education,Permanent,Orlando,FL,32819,AVP,This Company,8500,"$100,000 - $249,999",100000,249999,Unknown,B,Qualification,2017-12-26T00:00:00Z,5000,5000,5000,5000,5000,5000,5000,2017-11-27T00:00:00Z,2018-01-10T00:00:00Z,Personal Correspondence,9,NA,32
ID038,Nancy,73,70-79,F,'85,"Alumni, Degreed",Tommy Tar,Business Administration,Permanent,Winter Park,FL,32789,VP CEO,That Corporation,2500,"$1,000,000 - $4,999,999",1000000,4999999,Unknown,C,Qualification,2014-04-29T00:00:00Z,100,NA,NA,NA,NA,100,NA,2015-12-04T00:00:00Z,2008-12-03T00:00:00Z,Phone Call,12,NA,7
ID039,Ophelia,51,50-59,F,'95 '03MLS,"Alumni, Degreed",Tommy Tar,Humanities,Permanent,Orlando,FL,32835,Chief Operating Officer,Another Company,20000,"$100,000 - $249,999",100000,249999,Unknown,B,Cultivation,2017-09-25T00:00:00Z,15000,65000,100000,50000,50000,50000,20000,NA,2018-01-10T00:00:00Z,Personal Correspondence,3,1,13
ID040,Michael,71,70-79,M,'70,"Alumni, Degreed",Tommy Tar,Economics,Permanent,Orlando,FL,32827,Supervisor,Yet Another Corporation,2500,"$50,000 - $99,999",50000,99999,Unknown,B,Qualification,2014-05-28T00:00:00Z,2000,NA,NA,NA,NA,2000,2000,2011-05-24T00:00:00Z,2017-03-01T00:00:00Z,Personal Correspondence,9,NA,19
ID041,Alex,0,0-29,M,NA,Friend,Tommy Tar,NA,Permanent,Winter Park,FL,32789,Supervisor,A Nonprofit Organization,3000,"$100,000 - $249,999",100000,249999,Unknown,NA,Qualification,2017-10-06T00:00:00Z,1900,1900,1000,5000,NA,NA,NA,NA,2017-11-02T00:00:00Z,Email Contact,NA,1,3
ID042,David,67,60-69,M,'74 '75MBA P'11 P'12MBA,"Alumni, Degreed",Tommy Tar,Economics,Permanent,Orlando,FL,32836,AVP,A Government Entity,2500,"$100,000 - $249,999",100000,249999,Unknown,B,Qualification,2017-12-26T00:00:00Z,200,200,200,200,200,NA,NA,2012-04-09T00:00:00Z,2017-06-16T00:00:00Z,Personal Correspondence,6,2,25
ID043,Patricia,59,50-59,F,'80,"Alumni, Degreed",Tommy Tar,Business Administration,Permanent,Maitland,FL,32751,VP CEO,This Company,2500,"$50,000 - $99,999",50000,99999,Unknown,B,Qualification,2018-01-02T00:00:00Z,500,500,500,NA,NA,NA,500,2011-05-19T00:00:00Z,2018-01-26T00:00:00Z,Email Contact,8,5,18
ID044,Alex,69,60-69,M,'70,"Alumni, Degreed",Tommy Tar,Psychology,Permanent,Orlando,FL,32814,Chief Operating Officer,That Corporation,2500,"$50,000 - $99,999",50000,99999,Unknown,B,Qualification,2017-12-23T00:00:00Z,100,100,75,75,75,NA,75,2007-11-20T00:00:00Z,2017-06-16T00:00:00Z,Personal Correspondence,9,NA,27
ID045,Janis,47,40-49,M,'93,"Alumni, Degreed",Tommy Tar,Politics,Permanent,Orlando,FL,32827,Supervisor,Another Company,4000,"$50,000 - $99,999",50000,99999,Unknown,B,Qualification,2016-05-03T00:00:00Z,2500,NA,NA,2500,2500,NA,NA,2017-10-30T00:00:00Z,2017-11-21T00:00:00Z,Email Contact,5,1,2
ID046,Neil,0,0-29,M,NA,Friend,Tommy Tar,NA,Permanent,Orlando,FL,32832,Supervisor,Yet Another Corporation,2500,"$100,000 - $249,999",100000,249999,Unknown,NA,Cultivation,2017-10-30T00:00:00Z,25000,30200,25000,29200,NA,8500,5000,NA,2018-01-10T00:00:00Z,Personal Correspondence,2,11,20
ID047,Buddy,76,70-79,M,NA,Friend,Tommy Tar,NA,Permanent,New York,NY,10001,AVP,A Nonprofit Organization,4000,"$100,000 - $249,999",100000,249999,Unknown,NA,Qualification,2017-08-02T00:00:00Z,2100,2100,4100,4100,5000,4600,4000,2003-12-22T00:00:00Z,2018-02-26T00:00:00Z,Email Contact,3,7,31
ID048,Tom,67,60-69,M,NA,Friend,Tommy Tar,NA,Permanent,San Francisco,CA,94103,VP CEO,A Government Entity,6000,"$500,000 - $999,999",500000,999999,Unknown,NA,Not a MG Prospect Now,2017-09-07T00:00:00Z,2050,2050,4100,2500,NA,4000,4000,NA,2018-03-12T00:00:00Z,Face-to-Face Visit,4,10,16
ID049,Neil,39,30-39,M,'01,"Alumni, Degreed",Tommy Tar,History,Permanent,Golden Oak,FL,32836,Chief Operating Officer,This Company,2500,"$50,000 - $99,999",50000,99999,Unknown,B,Qualification,2011-10-17T00:00:00Z,250,NA,NA,NA,NA,NA,NA,2007-11-20T00:00:00Z,2010-12-08T00:00:00Z,Personal Correspondence,8,NA,4
ID050,Cat,43,40-49,M,'96,"Alumni, Degreed",Tommy Tar,Economics,Permanent,New York,NY,10001,Supervisor,That Corporation,125,NA,NA,NA,Unknown,B,Not a MG Prospect Now,2014-01-07T00:00:00Z,4000,NA,NA,NA,NA,4000,6000,NA,2015-11-16T00:00:00Z,Face-to-Face Visit,12,2,1
ID051,Eddie,57,50-59,M,'83,"Alumni, Degreed",Tommy Tar,Philosophy,Permanent,New York,NY,10001,Supervisor,Another Company,2500,"$50,000 - $99,999",50000,99999,Unknown,C,Qualification,2004-12-15T00:00:00Z,500,NA,NA,NA,NA,NA,NA,2017-12-13T00:00:00Z,2004-12-16T00:00:00Z,Personal Correspondence,12,1,12
ID052,Jimi,72,70-79,M,NA,Friend,Tommy Tar,NA,Permanent,Andover,MA,01810,AVP,Yet Another Corporation,2500,"$100,000 - $249,999",100000,249999,Unknown,NA,Qualification,2018-01-31T00:00:00Z,10000,10000,NA,NA,NA,10000,10000,2016-03-03T00:00:00Z,2017-02-22T00:00:00Z,Phone Call,4,NA,10
ID053,Penny,65,60-69,F,'75,"Alumni, Degreed",Tommy Tar,Behavioral Science,Permanent,Winter Park,FL,32789,VP CEO,A Nonprofit Organization,2500,"$100,000 - $249,999",100000,249999,Unknown,C,Qualification,2008-02-21T00:00:00Z,250,NA,NA,NA,NA,NA,NA,2017-12-13T00:00:00Z,2013-02-25T00:00:00Z,Personal Correspondence,8,NA,13
ID054,Miles,75,70-79,M,'66,"Alumni, Degreed",Tommy Tar,Business,Permanent,Winter Park,FL,32789,Chief Operating Officer,A Government Entity,2500,"$100,000 - $249,999",100000,249999,Unknown,C,Qualification,NA,NA,NA,NA,NA,NA,NA,NA,2014-10-17T00:00:00Z,2016-10-12T00:00:00Z,Phone Call,5,NA,NA
ID055,Jaco,71,70-79,M,'68,"Alumni, Degreed",Tommy Tar,History,Permanent,New York,NY,10001,Account Executive,This Company,2500,"$50,000 - $99,999",50000,99999,Unknown,A,Not a MG Prospect Now,2017-12-26T00:00:00Z,300,300,200,550,940,800,580,2012-05-16T00:00:00Z,2017-10-25T00:00:00Z,Phone Call,9,NA,70
ID056,James,47,40-49,M,'92,"Alumni, Degreed",Tommy Tar,Art History,Permanent,New York,NY,10001,Supervisor,That Corporation,2500,"$50,000 - $99,999",50000,99999,Unknown,B,Qualification,2017-03-31T00:00:00Z,100,NA,100,NA,NA,NA,NA,2017-12-13T00:00:00Z,2017-06-16T00:00:00Z,Personal Correspondence,10,NA,9
ID057,George,76,70-79,M,'63,"Alumni, Degreed",Tommy Tar,Studio Art,Permanent,New York,NY,10002,AVP,Another Company,4000,"$50,000 - $99,999",50000,99999,High,A,Cultivation,2017-12-18T00:00:00Z,2500,2550,2550,2540,2540,2530,1945,2014-06-16T00:00:00Z,2018-01-10T00:00:00Z,Personal Correspondence,6,18,57
ID058,John,75,70-79,M,'64 P'97MAT P'97 P'01MBA,"Alumni, Degreed",Tommy Tar,Pre-Medicine - (history),Permanent,New York,NY,10002,VP CEO,Yet Another Corporation,2500,"$50,000 - $99,999",50000,99999,Moderate,A,Stewardship,2017-12-21T00:00:00Z,10000,10000,25000,2500,22000,15000,36000,2014-06-16T00:00:00Z,2018-01-10T00:00:00Z,Personal Correspondence,9,4,36
ID059,Rachel,33,30-39,F,NA,Friend,Tommy Tar,NA,Permanent,New York,NY,10002,Chief Operating Officer,A Nonprofit Organization,125,NA,NA,NA,Unknown,NA,Qualification,2017-12-13T00:00:00Z,2100,2100,NA,1544,NA,3500,NA,NA,2018-01-10T00:00:00Z,Personal Correspondence,NA,6,6
ID060,Chuck,65,60-69,M,NA,"Trustee, Former",Tommy Tar,NA,Permanent,Orlando,FL,32832,Supervisor,A Government Entity,2500,"$5,000,000 - $9,999,999",5000000,9999999,Unknown,NA,Qualification,2000-02-10T00:00:00Z,1000,NA,NA,NA,NA,NA,NA,NA,2001-02-15T00:00:00Z,Personal Correspondence,NA,NA,3
ID061,John,74,70-79,M,'67,"Alumni, Degreed",Tommy Tar,Spanish,Permanent,Orlando,FL,32804,Supervisor,This Company,2500,"$500,000 - $999,999",500000,999999,Unknown,D,Qualification,2004-03-31T00:00:00Z,100,NA,NA,NA,NA,NA,NA,2009-02-18T00:00:00Z,2016-11-30T00:00:00Z,Personal Correspondence,4,NA,1
ID062,Dave,50,50-59,M,'12MLS,"Alumni, Grad School",Tommy Tar,NA,Permanent,New York,NY,10002,AVP,That Corporation,2500,"$50,000 - $99,999",50000,99999,Unknown,C,Qualification,2017-12-19T00:00:00Z,2500,2500,NA,NA,NA,4000,4000,NA,2017-12-18T00:00:00Z,Email Contact,1,4,5
ID063,Sally,57,50-59,F,'82,"Alumni, Degreed",Tommy Tar,Biology,Permanent,Orlando,FL,32827,VP CEO,Another Company,2500,"$100,000 - $249,999",100000,249999,Unknown,B,Qualification,2016-10-03T00:00:00Z,500,NA,500,50,NA,NA,100,2014-02-20T00:00:00Z,2017-12-14T00:00:00Z,Event,9,2,17
ID064,Sara,0,0-29,F,'80,"Alumni, Degreed",Tommy Tar,NA,Permanent,Winter Park,FL,32789,Chief Operating Officer,Yet Another Corporation,125,NA,NA,NA,Unknown,C,Qualification,2017-03-24T00:00:00Z,2000,NA,2000,NA,NA,NA,NA,2014-03-31T00:00:00Z,2017-06-16T00:00:00Z,Personal Correspondence,2,NA,5
ID065,B.B.,71,70-79,M,'69,"Alumni, Degreed",Tommy Tar,Business Administration,Permanent,Winter Park,FL,32789,Supervisor,A Nonprofit Organization,2500,"$100,000 - $249,999",100000,249999,Low,B,Cultivation,2017-12-27T00:00:00Z,200,200,200,200,200,NA,NA,2014-06-16T00:00:00Z,2018-01-11T00:00:00Z,Face-to-Face Visit,10,4,18
ID066,Sheryl,49,40-49,F,'90,"Alumni, Degreed",Tommy Tar,Politics,Permanent,Guilford,CT,06437,Supervisor,A Government Entity,2500,"$50,000 - $99,999",50000,99999,Unknown,B,Qualification,2013-03-28T00:00:00Z,50,NA,NA,NA,NA,NA,50,2018-03-12T00:00:00Z,2017-03-01T00:00:00Z,Personal Correspondence,14,NA,14
ID067,Teresa,71,70-79,F,'68,"Alumni, Degreed",Tommy Tar,Sociology,Permanent,Jacksonville,FL,32246,AVP,This Company,2500,"$100,000 - $249,999",100000,249999,Unknown,C,Qualification,1994-03-14T00:00:00Z,25,NA,NA,NA,NA,NA,NA,2017-12-13T00:00:00Z,NA,NA,10,NA,2
ID068,Duncan,52,50-59,M,'88,"Alumni, Degreed",Tommy Tar,Economics,Permanent,Spicewood,TX,78669,VP CEO,That Corporation,2500,"$100,000 - $249,999",100000,249999,Unknown,B,Qualification,NA,NA,NA,NA,NA,NA,NA,NA,2017-11-02T00:00:00Z,2017-11-02T00:00:00Z,Attempted Contact; Email Contact,8,NA,NA
ID069,Marshall,58,50-59,M,'81,"Alumni, Non-Degreed",Tommy Tar,NA,Permanent,Orlando,FL,32819,Chief Operating Officer,Another Company,2500,"$50,000 - $99,999",50000,99999,Unknown,NA,Cultivation,2015-11-04T00:00:00Z,100,NA,NA,100,NA,NA,NA,2017-12-21T00:00:00Z,2016-11-08T00:00:00Z,Personal Correspondence,7,NA,3
ID070,Vanessa,66,60-69,F,'74,"Alumni, Degreed",Tommy Tar,Elementary Education,Permanent,Winter Park,FL,32789,Supervisor,Yet Another Corporation,3000,"$250,000 - $499,999",250000,499999,Unknown,B,Qualification,2015-11-04T00:00:00Z,100,NA,NA,100,1000,1000,300,2017-12-13T00:00:00Z,2013-10-03T00:00:00Z,Personal Correspondence,7,NA,24
ID071,Wendy,48,40-49,F,'91,"Alumni, Degreed",Tommy Tar,Area Studies,Permanent,New York,NY,10002,Supervisor,A Nonprofit Organization,2500,"$250,000 - $499,999",250000,499999,Unknown,B,Qualification,2013-10-21T00:00:00Z,50,NA,NA,NA,NA,50,NA,NA,2017-03-02T00:00:00Z,Personal Correspondence,11,NA,18
ID072,Cat,68,60-69,F,'72 P'02MBA,"Alumni, Degreed",Tommy Tar,Spanish,Permanent,Winter Park,FL,32789,AVP,A Government Entity,2500,"$50,000 - $99,999",50000,99999,Unknown,C,Qualification,2000-05-17T00:00:00Z,1000,NA,NA,NA,NA,NA,NA,2013-09-25T00:00:00Z,2017-03-02T00:00:00Z,Personal Correspondence,7,4,1
ID073,Karen,70,70-79,F,'70,"Alumni, Degreed",Tommy Tar,Psychology,Permanent,Orlando,FL,32836,VP CEO,This Company,125,"$50,000 - $99,999",50000,99999,Unknown,B,Qualification,2017-05-15T00:00:00Z,50,NA,50,75,25,50,25,2013-05-29T00:00:00Z,2017-06-16T00:00:00Z,Personal Correspondence,9,NA,23
ID074,Kanye,51,50-59,M,'89,"Alumni, Degreed",Tommy Tar,Religious Studies,Permanent,Orlando,FL,32820,Chief Operating Officer,That Corporation,2500,"$250,000 - $499,999",250000,499999,Unknown,C,Cultivation,2009-03-03T00:00:00Z,20,NA,NA,NA,NA,NA,NA,2017-12-13T00:00:00Z,2014-09-04T00:00:00Z,Email Contact,9,3,16
ID075,Lenny,59,50-59,M,'80,"Alumni, Degreed",Tommy Tar,Business Administration,Permanent,Orlando,FL,32827,Supervisor,Another Company,2500,"$50,000 - $99,999",50000,99999,Moderate,B,Cultivation,2012-03-27T00:00:00Z,2000,NA,NA,NA,NA,NA,NA,2012-02-01T00:00:00Z,2016-12-13T00:00:00Z,Personal Correspondence,15,18,22
ID076,Lee,72,70-79,F,'68,"Alumni, Non-Degreed",Tommy Tar,NA,Permanent,Orlando,FL,32819,Supervisor,Yet Another Corporation,2500,"$50,000 - $99,999",50000,99999,Unknown,NA,Qualification,2003-11-20T00:00:00Z,2000,NA,NA,NA,NA,NA,NA,NA,2014-02-17T00:00:00Z,Phone Call,3,NA,3
ID077,Pete,46,40-49,M,'93,"Alumni, Degreed",Tommy Tar,English,Permanent,Orlando,FL,32819,AVP,A Nonprofit Organization,2500,"$50,000 - $99,999",50000,99999,Low,B,Qualification,2009-10-02T00:00:00Z,125,NA,NA,NA,NA,NA,NA,2017-12-13T00:00:00Z,2013-10-03T00:00:00Z,Email Contact,9,NA,16
ID078,Amanda,55,50-59,F,'84,"Alumni, Degreed",Tommy Tar,Psychology,Permanent,Winter Park,FL,32789,VP CEO,A Government Entity,2500,"$50,000 - $99,999",50000,99999,Unknown,B,Qualification,2014-02-24T00:00:00Z,500,NA,NA,NA,NA,1000,750,2017-12-13T00:00:00Z,2014-09-02T00:00:00Z,Email Contact,7,NA,14
ID079,Steve,51,50-59,M,'89,"Alumni, Degreed",Tommy Tar,History,Work,New York,NY,10002,Chief Operating Officer,This Company,2500,"$500,000 - $999,999",500000,999999,Moderate,B,Cultivation,2010-12-20T00:00:00Z,5000,NA,NA,NA,NA,NA,NA,2018-03-13T00:00:00Z,2016-12-06T00:00:00Z,Personal Correspondence,11,2,7
ID080,Robert,81,80-89,M,'99MLS,"Alumni, Grad School",Tommy Tar,NA,Permanent,Orlando,FL,32827,Supervisor,That Corporation,2500,"$250,000 - $499,999",250000,499999,Unknown,B,Cultivation,2017-03-22T00:00:00Z,10000,NA,10050,NA,250,NA,NA,2017-11-20T00:00:00Z,2018-03-08T00:00:00Z,Face-to-Face Visit,7,8,17
ID081,Kelly,47,40-49,F,'92,"Alumni, Degreed",Tommy Tar,Anthropology,Permanent,Maitland,FL,32751,Supervisor,Another Company,2500,"$50,000 - $99,999",50000,99999,Unknown,B,Qualification,2012-03-19T00:00:00Z,250,NA,NA,NA,NA,NA,NA,2013-07-10T00:00:00Z,2015-08-26T00:00:00Z,Email Contact,2,NA,1
ID082,Vicky,70,70-79,F,'68,"Alumni, Degreed",Tommy Tar,Spanish,Permanent,Orlando,FL,32806,AVP,Yet Another Corporation,2500,"$100,000 - $249,999",100000,249999,Low,B,Qualification,2018-02-06T00:00:00Z,100,100,NA,NA,NA,314.16,1884.96,2012-11-06T00:00:00Z,2018-03-23T00:00:00Z,Face-to-Face Visit,10,10,52
ID083,Ty,0,0-29,M,P'21,"Parent, Current",Tommy Tar,NA,Permanent,Altamonte Springs,FL,32714,VP CEO,A Nonprofit Organization,4000,"$50,000 - $99,999",50000,99999,Unknown,NA,Qualification,2017-09-18T00:00:00Z,5000,5000,3000,2100,5000,NA,NA,NA,2018-02-05T00:00:00Z,Face-to-Face Visit,NA,3,5
ID084,Dana,64,60-69,F,'11MLS P'11,"Alumni, Grad School",Tommy Tar,NA,Permanent,Winter Park,FL,32789,Chief Operating Officer,A Government Entity,3000,NA,NA,NA,Unknown,B,Disqualified as a MG Prosp,2017-12-27T00:00:00Z,2000,4100,4100,100,4100,4250,2300,NA,2018-01-10T00:00:00Z,Personal Correspondence,NA,8,221
ID085,Brian,0,0-29,M,NA,Friend,Tommy Tar,NA,Permanent,New York,NY,10003,Supervisor,This Company,2500,"$250,000 - $499,999",250000,499999,Unknown,NA,Qualification,2014-04-23T00:00:00Z,2000,NA,NA,NA,NA,2000,NA,NA,NA,NA,NA,NA,1
ID086,Nancy,0,0-29,F,'67MAT,"Alumni, Grad School",Tommy Tar,NA,Permanent,Winter Park,FL,32789,Supervisor,That Corporation,15000,"$1,000,000 - $4,999,999",1000000,4999999,High,B,Cultivation,2018-01-16T00:00:00Z,2000,12000,13000,6500,4000,13500,24000,2012-01-17T00:00:00Z,2018-02-09T00:00:00Z,Phone Call,27,5,88
ID087,Michael,0,0-29,M,NA,Friend,Tommy Tar,NA,Work,Orlando,FL,32819,AVP,Another Company,6000,"$250,000 - $499,999",250000,499999,Unknown,NA,Solicitation,2017-10-06T00:00:00Z,5700,7800,6360,4100,2250,6660,5760,2017-11-10T00:00:00Z,2018-03-08T00:00:00Z,Face-to-Face Visit,2,7,33
ID088,Katherine,52,50-59,F,'87,"Alumni, Degreed",Tommy Tar,Anthropology-Sociology,Permanent,New York,NY,10003,VP CEO,Yet Another Corporation,2500,"$50,000 - $99,999",50000,99999,High,B,Cultivation,2017-03-08T00:00:00Z,250,NA,250,NA,NA,NA,NA,2017-11-15T00:00:00Z,2017-06-16T00:00:00Z,Personal Correspondence,14,8,20
ID089,David,71,70-79,M,'68 '69MBA,"Alumni, Degreed",Tommy Tar,Economics,Permanent,San Francisco,CA,94103,Chief Operating Officer,A Nonprofit Organization,8500,"$50,000 - $99,999",50000,99999,High,A,Not a MG Prospect Now,2017-10-19T00:00:00Z,5000,5000,5000,7100,5000,5000,1885,2004-09-14T00:00:00Z,2018-01-10T00:00:00Z,Personal Correspondence,11,10,62
ID090,Catherine,47,40-49,F,'92,"Alumni, Degreed",Tommy Tar,Music,Permanent,Orlando,FL,32836,Supervisor,A Government Entity,2500,"$50,000 - $99,999",50000,99999,Unknown,B,Cultivation,2012-10-29T00:00:00Z,100,NA,NA,NA,NA,NA,100,2012-07-05T00:00:00Z,2016-12-06T00:00:00Z,Personal Correspondence,10,NA,5
ID091,Elaine,66,60-69,F,'08MA,"Alumni, Grad School",Tommy Tar,NA,Permanent,Orlando,FL,32832,Supervisor,This Company,6000,NA,NA,NA,Unknown,B,Disqualified as a MG Prosp,2017-05-24T00:00:00Z,2100,NA,4375,2100,2000,4000,4000,NA,2018-01-10T00:00:00Z,Personal Correspondence,2,4,9
ID092,Julie,45,40-49,F,'98,"Alumni, Degreed",Tommy Tar,Organizational Communication,Permanent,San Francisco,CA,94103,AVP,That Corporation,4000,"$50,000 - $99,999",50000,99999,Unknown,A,Solicitation,2018-01-18T00:00:00Z,1000,5700,3000,8000,10020.15,4000,4000,NA,2018-03-12T00:00:00Z,Face-to-Face Visit (Tandem),6,17,29
ID093,Joy,73,70-79,F,'67,"Alumni, Degreed",Tommy Tar,English,Permanent,Natick,MA,01760,VP CEO,Another Company,15000,"$50,000 - $99,999",50000,99999,Unknown,B,Qualification,2017-11-20T00:00:00Z,500,500,13792,130,100,100,100,NA,2018-01-10T00:00:00Z,Personal Correspondence,7,NA,38
ID094,Buddy,62,60-69,M,'78,"Alumni, Degreed",Tommy Tar,Business Administration,Permanent,Papillion,NE,68046,Chief Operating Officer,Yet Another Corporation,2500,"$100,000 - $249,999",100000,249999,Unknown,B,Qualification,2016-11-08T00:00:00Z,100,NA,100,NA,NA,1885,1885,2013-11-18T00:00:00Z,2017-06-16T00:00:00Z,Personal Correspondence,18,NA,12
ID095,Tom,50,50-59,M,'90,"Alumni, Degreed",Tommy Tar,Art History,Permanent,Orlando,FL,32827,Supervisor,A Nonprofit Organization,2500,"$50,000 - $99,999",50000,99999,Unknown,B,Stewardship,2016-02-29T00:00:00Z,2500,NA,NA,2500,2500,2500,NA,2012-04-16T00:00:00Z,2018-01-26T00:00:00Z,Email Contact,23,8,17
ID096,Nell,58,50-59,F,'82 P'15,"Alumni, Degreed",Tommy Tar,Elementary Education,Permanent,New York,NY,10003,Supervisor,A Government Entity,2500,"$100,000 - $249,999",100000,249999,Unknown,C,Qualification,1990-12-14T00:00:00Z,100,NA,NA,NA,NA,NA,NA,2009-09-24T00:00:00Z,2014-03-14T00:00:00Z,Email Contact,4,1,3
ID097,Cat,0,0-29,F,NA,Friend,Tommy Tar,NA,Work,Winter Park,FL,32789,AVP,This Company,125,NA,NA,NA,Unknown,NA,Disqualified as a MG Prosp,2017-10-06T00:00:00Z,500,2600,NA,NA,NA,NA,NA,NA,2018-01-10T00:00:00Z,Personal Correspondence,1,8,5
ID098,Eddie,50,50-59,M,'90,"Alumni, Degreed",Tommy Tar,Economics,Permanent,New York,NY,10003,VP CEO,That Corporation,2500,"$50,000 - $99,999",50000,99999,Unknown,C,Qualification,1998-12-30T00:00:00Z,25,NA,NA,NA,NA,NA,NA,2017-12-13T00:00:00Z,NA,NA,3,NA,4
ID099,George,50,50-59,M,P'21,"Parent, Current",Pioneer Pete,NA,Permanent,Altamonte Springs,FL,32714,Supervisor,Yet Another Corporation,2500,"$50,000 - $99,999",50000,99999,Unknown,B,Qualification,2014-05-28T00:00:00Z,2000,NA,NA,NA,NA,2000,2000,2011-05-24T00:00:00Z,2017-03-01T00:00:00Z,Personal Correspondence,9,NA,19
ID100,Jimi,0,0-29,M,'78,"Alumni, Degreed",Tommy Tar,NA,Permanent,Orlando,FL,32836,Chief Operating Officer,Another Company,2500,"$100,000 - $249,999",100000,249999,Unknown,D,Qualification,NA,NA,NA,NA,NA,NA,NA,NA,NA,NA,NA,NA,NA,NA
ID101,John,59,50-59,M,NA,Friend,Pioneer Pete,NA,Permanent,Andover,MA,01810,AVP,A Nonprofit Organization,2500,"$50,000 - $99,999",50000,99999,Low,B,Qualification,2009-10-02T00:00:00Z,125,NA,NA,NA,NA,NA,NA,2017-12-13T00:00:00Z,2013-10-03T00:00:00Z,Email Contact,9,NA,16
ID102,Kurt,55,50-59,M,'85 P'20,"Alumni, Degreed",Tommy Tar,Chemistry,Permanent,New Haven,CT,06511,Supervisor,Yet Another Corporation,3000,"$100,000 - $249,999",100000,249999,Unknown,B,Qualification,2016-11-16T00:00:00Z,1000,NA,1000,NA,NA,NA,NA,2014-03-24T00:00:00Z,2017-06-16T00:00:00Z,Personal Correspondence,4,NA,3
ID103,Rachel,73,70-79,M,'78,"Alumni, Degreed",Pioneer Pete,NA,Permanent,Apopka,FL,32703,Supervisor,This Company,2500,"$100,000 - $249,999",100000,249999,Unknown,B,Qualification,2015-05-20T00:00:00Z,1000,NA,NA,NA,1000,1000,NA,2013-05-28T00:00:00Z,2015-05-13T00:00:00Z,Email Contact,1,NA,9
ID104,Dave,73,70-79,F,'71,"Alumni, Degreed",Pioneer Pete,NA,Permanent,Clarendon Hills,IL,60514,Supervisor,Another Company,2500,"$50,000 - $99,999",50000,99999,Unknown,C,Qualification,2010-09-02T00:00:00Z,200,NA,NA,NA,NA,NA,NA,2017-02-20T00:00:00Z,2015-03-17T00:00:00Z,Personal Correspondence,4,1,12
ID105,Wendy,51,50-59,M,'73,"Alumni, Degreed",Pioneer Pete,NA,Permanent,Golden Oak,FL,32836,VP CEO,That Corporation,2500,"$250,000 - $499,999",250000,499999,Unknown,D,Qualification,2002-09-11T00:00:00Z,2500,NA,NA,NA,NA,NA,NA,2013-11-14T00:00:00Z,NA,NA,4,NA,11
ID106,Steve,59,50-59,M,'01,"Alumni, Degreed",Pioneer Pete,NA,Permanent,Golden Oak,FL,32836,AVP,That Corporation,2500,"$50,000 - $99,999",50000,99999,Unknown,C,Qualification,2017-12-19T00:00:00Z,2500,2500,NA,NA,NA,4000,4000,NA,2017-12-18T00:00:00Z,Email Contact,1,4,5
ID107,Brian,0,0-29,F,'90,"Alumni, Degreed",Pioneer Pete,NA,Permanent,Guilford,CT,06437,Account Executive,This Company,2500,"$50,000 - $99,999",50000,99999,Unknown,A,Not a MG Prospect Now,2017-12-26T00:00:00Z,300,300,200,550,940,800,580,2012-05-16T00:00:00Z,2017-10-25T00:00:00Z,Phone Call,9,NA,70
ID108,Katherine,73,70-79,F,'68,"Alumni, Degreed",Pioneer Pete,NA,Permanent,Jacksonville,FL,32246,Supervisor,Yet Another Corporation,4000,"$50,000 - $99,999",50000,99999,Unknown,B,Qualification,2014-05-28T00:00:00Z,2000,NA,NA,NA,NA,2000,2000,2011-05-24T00:00:00Z,2017-03-01T00:00:00Z,Personal Correspondence,9,NA,19
ID109,Nell,0,0-29,M,'09,"Alumni, Degreed",Pioneer Pete,NA,Permanent,Maitland,FL,32751,Assistant Vice President,That Corporation,2500,"$100,000 - $249,999",100000,249999,Unknown,D,Qualification,NA,NA,NA,NA,NA,NA,NA,NA,NA,NA,NA,5,NA,NA
ID110,Eddie,65,60-69,F,'92,"Alumni, Degreed",Pioneer Pete,NA,Permanent,Maitland,FL,32751,Chief Operating Officer,A Government Entity,2500,NA,NA,NA,Unknown,B,Disqualified as a MG Prosp,2017-12-27T00:00:00Z,2000,4100,4100,100,4100,4250,2300,NA,2018-01-10T00:00:00Z,Personal Correspondence,NA,8,221
ID111,Tom,75,70-79,M,NA,Friend,Pioneer Pete,NA,Permanent,Maitland,FL,32751,VP CEO,This Company,2500,"$50,000 - $99,999",50000,99999,Unknown,B,Qualification,2018-01-02T00:00:00Z,500,500,500,NA,NA,NA,500,2011-05-19T00:00:00Z,2018-01-26T00:00:00Z,Email Contact,8,5,18
ID112,Cat,0,0-29,F,'75,"Alumni, Non-Degreed",Pioneer Pete,NA,Permanent,Maitland,FL,32751,AVP,Another Company,2500,"$100,000 - $249,999",100000,249999,NA,NA,Cultivation,NA,NA,NA,NA,NA,NA,NA,NA,NA,2017-03-01T00:00:00Z,Email Contact,3,1,NA
ID113,Kurt,71,70-79,F,'80,"Alumni, Degreed",Pioneer Pete,NA,Permanent,Maitland,FL,32751,Supervisor,A Government Entity,2500,"$50,000 - $99,999",50000,99999,Unknown,B,Qualification,2013-03-28T00:00:00Z,50,NA,NA,NA,NA,NA,50,2018-03-12T00:00:00Z,2017-03-01T00:00:00Z,Personal Correspondence,14,NA,14
ID114,Alberta,66,60-69,F,'92,"Alumni, Degreed",Pioneer Pete,NA,Permanent,Maitland,FL,32751,Director,Yet Another Corporation,15000,"$100,000 - $249,999",100000,249999,Low,B,Cultivation,2016-03-07T00:00:00Z,100,NA,NA,100,NA,100,NA,2017-12-13T00:00:00Z,2014-10-16T00:00:00Z,Face-to-Face Visit,6,1,4
ID115,Chris,68,60-69,F,'84,"Alumni, Degreed",Pioneer Pete,NA,Permanent,Minneapolis,MN,55437,Supervisor,That Corporation,4000,NA,NA,NA,Unknown,B,Not a MG Prospect Now,2014-01-07T00:00:00Z,4000,NA,NA,NA,NA,4000,6000,NA,2015-11-16T00:00:00Z,Face-to-Face Visit,12,2,1
ID116,Danielle,55,50-59,F,'67,"Alumni, Degreed",Pioneer Pete,NA,Permanent,Natick,MA,01760,VP CEO,A Government Entity,6000,"$500,000 - $999,999",500000,999999,Unknown,NA,Not a MG Prospect Now,2017-09-07T00:00:00Z,2050,2050,4100,2500,NA,4000,4000,NA,2018-03-12T00:00:00Z,Face-to-Face Visit,4,10,16
ID117,Lisa,64,60-69,M,'85 P'20,"Alumni, Degreed",Pioneer Pete,NA,Permanent,New Haven,CT,06511,Chief Operating Officer,That Corporation,2500,"$250,000 - $499,999",250000,499999,Unknown,C,Cultivation,2009-03-03T00:00:00Z,20,NA,NA,NA,NA,NA,NA,2017-12-13T00:00:00Z,2014-09-04T00:00:00Z,Email Contact,9,3,16
ID118,Stevie Ray,0,0-29,F,'84,"Alumni, Degreed",Pioneer Pete,NA,Permanent,New York,NY,10001,AVP,Another Company,6000,"$250,000 - $499,999",250000,499999,Unknown,NA,Solicitation,2017-10-06T00:00:00Z,5700,7800,6360,4100,2250,6660,5760,2017-11-10T00:00:00Z,2018-03-08T00:00:00Z,Face-to-Face Visit,2,7,33
ID119,Nora,0,0-29,F,'83,"Alumni, Degreed",Pioneer Pete,NA,Permanent,New York,NY,10001,AVP,This Company,125,NA,NA,NA,Unknown,NA,Disqualified as a MG Prosp,2017-10-06T00:00:00Z,500,2600,NA,NA,NA,NA,NA,NA,2018-01-10T00:00:00Z,Personal Correspondence,1,8,5
ID120,Ophelia,0,0-29,M,'95,"Alumni, Degreed",Pioneer Pete,NA,Permanent,New York,NY,10001,AVP,A Nonprofit Organization,75,NA,NA,NA,Unknown,B,Disqualified as a MG Prosp,2015-12-22T00:00:00Z,5000,NA,NA,7100,NA,NA,NA,NA,2018-01-10T00:00:00Z,Personal Correspondence,6,2,3
ID121,Michael,72,70-79,M,'92,"Alumni, Degreed",Pioneer Pete,NA,Permanent,New York,NY,10001,Supervisor,This Company,2500,NA,NA,NA,Unknown,B,Disqualified as a MG Prosp,2017-05-24T00:00:00Z,2100,NA,4375,2100,2000,4000,4000,NA,2018-01-10T00:00:00Z,Personal Correspondence,2,4,9
ID122,David,63,60-69,M,NA,Friend,Pioneer Pete,NA,Permanent,New York,NY,10001,Chief Operating Officer,This Company,2500,"$50,000 - $99,999",50000,99999,Unknown,B,Qualification,2011-10-17T00:00:00Z,250,NA,NA,NA,NA,NA,NA,2007-11-20T00:00:00Z,2010-12-08T00:00:00Z,Personal Correspondence,8,NA,4
ID123,Alex,68,60-69,M,'96,"Alumni, Degreed",Pioneer Pete,NA,Permanent,New York,NY,10001,Supervisor,This Company,2500,"$100,000 - $249,999",100000,249999,Unknown,B,Qualification,2008-12-15T00:00:00Z,500,NA,NA,NA,NA,NA,NA,2010-04-27T00:00:00Z,2009-03-27T00:00:00Z,Personal Correspondence,16,NA,7
ID124,Janis,63,60-69,M,'83,"Alumni, Degreed",Pioneer Pete,NA,Permanent,New York,NY,10001,Chief Operating Officer,This Company,2500,"$500,000 - $999,999",500000,999999,Moderate,B,Cultivation,2010-12-20T00:00:00Z,5000,NA,NA,NA,NA,NA,NA,2018-03-13T00:00:00Z,2016-12-06T00:00:00Z,Personal Correspondence,11,2,7
ID125,Neil,39,30-39,M,'68,"Alumni, Degreed",Pioneer Pete,NA,Permanent,New York,NY,10001,Supervisor,Another Company,4000,"$50,000 - $99,999",50000,99999,Unknown,B,Qualification,2016-05-03T00:00:00Z,2500,NA,NA,2500,2500,NA,NA,2017-10-30T00:00:00Z,2017-11-21T00:00:00Z,Email Contact,5,1,2
ID126,Chuck,49,40-49,M,'92,"Alumni, Degreed",Pioneer Pete,NA,Permanent,New York,NY,10001,Supervisor,Another Company,2500,"$50,000 - $99,999",50000,99999,Unknown,C,Qualification,2010-09-02T00:00:00Z,200,NA,NA,NA,NA,NA,NA,2017-02-20T00:00:00Z,2015-03-17T00:00:00Z,Personal Correspondence,4,1,12
ID127,John,71,70-79,M,'63,"Alumni, Degreed",Pioneer Pete,NA,Permanent,New York,NY,10002,Supervisor,A Nonprofit Organization,2500,"$50,000 - $99,999",50000,99999,Unknown,B,Stewardship,2016-02-29T00:00:00Z,2500,NA,NA,2500,2500,2500,NA,2012-04-16T00:00:00Z,2018-01-26T00:00:00Z,Email Contact,23,8,17
ID128,Sally,30,30-39,M,'64 P'97MAT P'97 P'01MBA,"Alumni, Degreed",Pioneer Pete,NA,Permanent,New York,NY,10002,Chief Operating Officer,This Company,2500,"$100,000 - $249,999",100000,249999,Unknown,B,Qualification,2015-10-19T00:00:00Z,250,NA,NA,250,NA,NA,250,2007-04-10T00:00:00Z,2015-01-22T00:00:00Z,Email Contact,12,NA,42
ID129,Marshall,47,40-49,F,NA,Friend,Pioneer Pete,NA,Permanent,New York,NY,10002,Supervisor,A Government Entity,2500,"$100,000 - $249,999",100000,249999,Unknown,C,Qualification,1990-12-14T00:00:00Z,100,NA,NA,NA,NA,NA,NA,2009-09-24T00:00:00Z,2014-03-14T00:00:00Z,Email Contact,4,1,3
ID130,Karen,0,0-29,M,'12MLS,"Alumni, Grad School",Pioneer Pete,NA,Permanent,New York,NY,10002,AVP,That Corporation,4000,"$50,000 - $99,999",50000,99999,Unknown,A,Solicitation,2018-01-18T00:00:00Z,1000,5700,3000,8000,10020.15,4000,4000,NA,2018-03-12T00:00:00Z,Face-to-Face Visit (Tandem),6,17,29
ID131,Kanye,64,60-69,F,'91,"Alumni, Degreed",Pioneer Pete,NA,Permanent,New York,NY,10002,Chief Operating Officer,Another Company,3000,"$50,000 - $99,999",50000,99999,Unknown,NA,Cultivation,2015-11-04T00:00:00Z,100,NA,NA,100,NA,NA,NA,2017-12-21T00:00:00Z,2016-11-08T00:00:00Z,Personal Correspondence,7,NA,3
ID132,Lenny,59,50-59,M,'89,"Alumni, Degreed",Pioneer Pete,NA,Work,New York,NY,10002,AVP,That Corporation,2500,"$50,000 - $99,999",50000,99999,Unknown,B,Qualification,2017-04-21T00:00:00Z,250,NA,250,NA,250,150,150,2017-05-30T00:00:00Z,2017-06-16T00:00:00Z,Personal Correspondence,10,2,13
ID133,Lee,47,40-49,M,NA,Friend,Pioneer Pete,NA,Permanent,New York,NY,10003,Supervisor,Another Company,2500,"$50,000 - $99,999",50000,99999,Moderate,B,Cultivation,2012-03-27T00:00:00Z,2000,NA,NA,NA,NA,NA,NA,2012-02-01T00:00:00Z,2016-12-13T00:00:00Z,Personal Correspondence,15,18,22
ID134,Pete,55,50-59,F,'87,"Alumni, Degreed",Pioneer Pete,NA,Permanent,New York,NY,10003,VP CEO,This Company,2500,"$50,000 - $99,999",50000,99999,Unknown,B,Qualification,2017-05-15T00:00:00Z,50,NA,50,75,25,50,25,2013-05-29T00:00:00Z,2017-06-16T00:00:00Z,Personal Correspondence,9,NA,23
ID135,Robert,73,70-79,F,'82 P'15,"Alumni, Degreed",Pioneer Pete,NA,Permanent,New York,NY,10003,Supervisor,A Nonprofit Organization,2500,"$100,000 - $249,999",100000,249999,Low,B,Cultivation,2017-12-27T00:00:00Z,200,200,200,200,200,NA,NA,2014-06-16T00:00:00Z,2018-01-11T00:00:00Z,Face-to-Face Visit,10,4,18
ID136,Vicky,55,50-59,M,'90,"Alumni, Degreed",Pioneer Pete,NA,Permanent,New York,NY,10003,VP CEO,Another Company,2500,"$100,000 - $249,999",100000,249999,Unknown,C,Qualification,2013-03-11T00:00:00Z,100,NA,NA,NA,NA,NA,100,NA,2018-03-22T00:00:00Z,Email Contact,5,NA,1
ID137,Michael,56,50-59,M,'68,"Alumni, Non-Degreed",Pioneer Pete,NA,Permanent,Orlando,FL,32804,Account Executive,This Company,4000,"$50,000 - $99,999",50000,99999,Unknown,A,Not a MG Prospect Now,2017-12-26T00:00:00Z,300,300,200,550,940,800,580,2012-05-16T00:00:00Z,2017-10-25T00:00:00Z,Phone Call,9,NA,70
ID138,Catherine,57,50-59,F,'68,"Alumni, Degreed",Pioneer Pete,NA,Permanent,Orlando,FL,32836,AVP,Another Company,2500,"$100,000 - $249,999",100000,249999,NA,NA,Cultivation,NA,NA,NA,NA,NA,NA,NA,NA,NA,2017-03-01T00:00:00Z,Email Contact,3,1,NA
ID139,Elaine,46,40-49,M,'64,"Alumni, Degreed",Pioneer Pete,NA,Permanent,Orlando,FL,32836,Supervisor,Yet Another Corporation,2500,"$50,000 - $99,999",50000,99999,Unknown,B,Qualification,2017-08-18T00:00:00Z,50,50,50,50,100,100,100,NA,2017-06-16T00:00:00Z,Personal Correspondence,2,NA,32
ID140,Tom,47,40-49,F,'00 '08MA,"Alumni, Degreed",Pioneer Pete,NA,Permanent,Orlando,FL,32812,Supervisor,A Nonprofit Organization,4000,"$50,000 - $99,999",50000,99999,Moderate,B,Qualification,2017-12-15T00:00:00Z,2000,2000,2500,1000,2000,1885,1885,2008-03-06T00:00:00Z,2018-01-10T00:00:00Z,Personal Correspondence,11,4,21
ID141,Jimi,76,70-79,M,'76,"Alumni, Degreed",Pioneer Pete,NA,Permanent,Orlando,FL,32827,VP CEO,Another Company,2500,"$100,000 - $249,999",100000,249999,Unknown,C,Qualification,2013-03-11T00:00:00Z,100,NA,NA,NA,NA,NA,100,NA,2018-03-22T00:00:00Z,Email Contact,5,NA,1
ID142,Buddy,43,40-49,F,'92MLS,"Alumni, Grad School",Pioneer Pete,NA,Permanent,Orlando,FL,32806,Supervisor,A Nonprofit Organization,2500,"$50,000 - $99,999",50000,99999,Unknown,B,Stewardship,2016-02-29T00:00:00Z,2500,NA,NA,2500,2500,2500,NA,2012-04-16T00:00:00Z,2018-01-26T00:00:00Z,Email Contact,23,8,17
ID143,Duncan,57,50-59,F,'75,"Alumni, Degreed",Pioneer Pete,NA,Permanent,Orlando,FL,32832,AVP,Another Company,2500,"$250,000 - $499,999",250000,499999,Unknown,NA,Solicitation,2017-10-06T00:00:00Z,5700,7800,6360,4100,2250,6660,5760,2017-11-10T00:00:00Z,2018-03-08T00:00:00Z,Face-to-Face Visit,2,7,33
ID144,John,71,70-79,M,'95,"Alumni, Degreed",Pioneer Pete,NA,Permanent,Orlando,FL,32836,Supervisor,Yet Another Corporation,4000,"$100,000 - $249,999",100000,249999,Unknown,B,Qualification,2016-11-16T00:00:00Z,1000,NA,1000,NA,NA,NA,NA,2014-03-24T00:00:00Z,2017-06-16T00:00:00Z,Personal Correspondence,4,NA,3
ID145,George,47,40-49,F,'68,"Alumni, Degreed",Pioneer Pete,NA,Permanent,Orlando,FL,32819,Supervisor,A Government Entity,2500,"$250,000 - $499,999",250000,499999,Unknown,NA,Qualification,2010-04-19T00:00:00Z,2000,NA,NA,NA,NA,NA,NA,NA,2018-02-04T00:00:00Z,Email Contact,2,10,7
ID146,Mary,76,70-79,F,'95 '03MLS,"Alumni, Degreed",Pioneer Pete,NA,Permanent,Orlando,FL,32835,VP CEO,Another Company,2500,"$50,000 - $99,999",50000,99999,Unknown,B,Qualification,2017-11-20T00:00:00Z,500,500,13792,130,100,100,100,NA,2018-01-10T00:00:00Z,Personal Correspondence,7,NA,38
ID147,Tom,75,70-79,M,'70,"Alumni, Degreed",Pioneer Pete,NA,Permanent,Orlando,FL,32827,VP CEO,Another Company,2500,"$50,000 - $99,999",50000,99999,Low,C,Qualification,NA,NA,NA,NA,NA,NA,NA,NA,2017-12-13T00:00:00Z,2013-04-05T00:00:00Z,Personal Correspondence,2,NA,5
ID148,David,33,30-39,M,'74 '75MBA P'11 P'12MBA,"Alumni, Degreed",Pioneer Pete,NA,Permanent,Orlando,FL,32836,Chief Operating Officer,A Government Entity,2500,"$100,000 - $249,999",100000,249999,Unknown,D,Qualification,NA,NA,NA,NA,NA,NA,NA,NA,NA,2016-06-21T00:00:00Z,Personal Correspondence,7,NA,NA
ID149,Julie,50,50-59,M,'70,"Alumni, Degreed",Pioneer Pete,NA,Permanent,Orlando,FL,32814,Supervisor,A Nonprofit Organization,2500,"$100,000 - $249,999",100000,249999,Low,B,Cultivation,2017-12-27T00:00:00Z,200,200,200,200,200,NA,NA,2014-06-16T00:00:00Z,2018-01-11T00:00:00Z,Face-to-Face Visit,10,4,18
ID150,Neil,48,40-49,M,'93,"Alumni, Degreed",Pioneer Pete,NA,Permanent,Orlando,FL,32827,Supervisor,Yet Another Corporation,3000,"$250,000 - $499,999",250000,499999,Unknown,B,Qualification,2015-11-04T00:00:00Z,100,NA,NA,100,1000,1000,300,2017-12-13T00:00:00Z,2013-10-03T00:00:00Z,Personal Correspondence,7,NA,24
ID151,Eddie,51,50-59,M,NA,Friend,Pioneer Pete,NA,Permanent,Orlando,FL,32832,VP CEO,That Corporation,2500,"$50,000 - $99,999",50000,99999,Unknown,C,Qualification,1998-12-30T00:00:00Z,25,NA,NA,NA,NA,NA,NA,2017-12-13T00:00:00Z,NA,NA,3,NA,4
ID152,Miles,0,0-29,M,NA,"Trustee, Former",Pioneer Pete,NA,Permanent,Orlando,FL,32832,AVP,A Government Entity,4000,"$50,000 - $99,999",50000,99999,Moderate,A,Qualification,2018-01-02T00:00:00Z,2500,2850,2800,2500,2500,2500,2500,2004-01-08T00:00:00Z,2018-01-10T00:00:00Z,Face-to-Face Visit; Personal Correspondence,13,6,24
ID153,Jaco,52,50-59,M,'67,"Alumni, Degreed",Pioneer Pete,NA,Permanent,Orlando,FL,32804,VP CEO,This Company,2500,"$50,000 - $99,999",50000,99999,Unknown,B,Qualification,2018-01-02T00:00:00Z,500,500,500,NA,NA,NA,500,2011-05-19T00:00:00Z,2018-01-26T00:00:00Z,Email Contact,8,5,18
ID154,James,58,50-59,F,'82,"Alumni, Degreed",Pioneer Pete,NA,Permanent,Orlando,FL,32827,AVP,A Nonprofit Organization,6000,NA,NA,NA,Unknown,B,Disqualified as a MG Prosp,2015-12-22T00:00:00Z,5000,NA,NA,7100,NA,NA,NA,NA,2018-01-10T00:00:00Z,Personal Correspondence,6,2,3
ID155,Charlene,50,50-59,M,'81,"Alumni, Non-Degreed",Pioneer Pete,NA,Permanent,Orlando,FL,32819,Supervisor,Yet Another Corporation,2500,"$50,000 - $99,999",50000,99999,Unknown,NA,Qualification,2003-11-20T00:00:00Z,2000,NA,NA,NA,NA,NA,NA,NA,2014-02-17T00:00:00Z,Phone Call,3,NA,3
ID156,John,48,40-49,F,'70,"Alumni, Degreed",Pioneer Pete,NA,Permanent,Orlando,FL,32836,Supervisor,This Company,3000,"$100,000 - $249,999",100000,249999,Unknown,B,Qualification,2015-05-20T00:00:00Z,1000,NA,NA,NA,1000,1000,NA,2013-05-28T00:00:00Z,2015-05-13T00:00:00Z,Email Contact,1,NA,9
ID157,Bibi,71,70-79,M,'89,"Alumni, Degreed",Pioneer Pete,NA,Permanent,Orlando,FL,32820,Supervisor,A Nonprofit Organization,2500,"$250,000 - $499,999",250000,499999,Unknown,B,Qualification,2016-05-27T00:00:00Z,1881,NA,NA,1881,NA,1910,100,2018-02-28T00:00:00Z,2018-02-01T00:00:00Z,Phone Call,23,7,19
ID158,Janet,76,70-79,M,'80,"Alumni, Degreed",Pioneer Pete,NA,Permanent,Orlando,FL,32827,VP CEO,Yet Another Corporation,2500,"$50,000 - $99,999",50000,99999,Low,B,Qualification,2017-08-22T00:00:00Z,75,75,NA,100,NA,100,NA,NA,2017-12-14T00:00:00Z,Email Contact,8,4,24
ID159,Leslie,40,40-49,F,'68,"Alumni, Non-Degreed",Pioneer Pete,NA,Permanent,Orlando,FL,32819,Supervisor,This Company,2500,"$100,000 - $249,999",100000,249999,High,NA,Cultivation,NA,NA,NA,NA,NA,NA,NA,NA,NA,2017-06-21T00:00:00Z,Personal Correspondence,NA,NA,1
ID160,Steve,63,60-69,M,'93,"Alumni, Degreed",Pioneer Pete,NA,Permanent,Orlando,FL,32819,Chief Operating Officer,Another Company,2500,"$100,000 - $249,999",100000,249999,Unknown,B,Cultivation,2017-09-25T00:00:00Z,15000,65000,100000,50000,50000,50000,20000,NA,2018-01-10T00:00:00Z,Personal Correspondence,3,1,13
ID161,Angus,70,70-79,M,'99MLS,"Alumni, Grad School",Pioneer Pete,NA,Permanent,Orlando,FL,32827,Supervisor,A Government Entity,3000,"$50,000 - $99,999",50000,99999,Unknown,B,Cultivation,2012-10-29T00:00:00Z,100,NA,NA,NA,NA,NA,100,2012-07-05T00:00:00Z,2016-12-06T00:00:00Z,Personal Correspondence,10,NA,5
ID162,Ty,64,60-69,F,'68,"Alumni, Degreed",Pioneer Pete,NA,Permanent,Orlando,FL,32806,Chief Operating Officer,That Corporation,3000,"$50,000 - $99,999",50000,99999,Unknown,B,Qualification,2013-10-15T00:00:00Z,500,NA,NA,NA,NA,500,NA,2017-12-13T00:00:00Z,2015-05-26T00:00:00Z,Email Contact,3,2,2
ID163,Nancy,45,40-49,M,NA,Friend,Pioneer Pete,NA,Work,Orlando,FL,32819,Supervisor,Yet Another Corporation,3000,"$100,000 - $249,999",100000,249999,Unknown,B,Qualification,2016-11-16T00:00:00Z,1000,NA,1000,NA,NA,NA,NA,2014-03-24T00:00:00Z,2017-06-16T00:00:00Z,Personal Correspondence,4,NA,3
ID164,Alex,71,70-79,F,'92,"Alumni, Degreed",Pioneer Pete,NA,Permanent,Orlando,FL,32836,Supervisor,Yet Another Corporation,2500,"$50,000 - $99,999",50000,99999,Unknown,B,Qualification,2017-08-18T00:00:00Z,50,50,50,50,100,100,100,NA,2017-06-16T00:00:00Z,Personal Correspondence,2,NA,32
ID165,Penny,51,50-59,F,'08MA,"Alumni, Grad School",Pioneer Pete,NA,Permanent,Orlando,FL,32832,VP CEO,Yet Another Corporation,2500,"$50,000 - $99,999",50000,99999,High,B,Cultivation,2017-03-08T00:00:00Z,250,NA,250,NA,NA,NA,NA,2017-11-15T00:00:00Z,2017-06-16T00:00:00Z,Personal Correspondence,14,8,20
ID166,Miles,71,70-79,M,'90,"Alumni, Degreed",Pioneer Pete,NA,Permanent,Orlando,FL,32827,Supervisor,Another Company,6000,"$50,000 - $99,999",50000,99999,Unknown,C,Qualification,2004-12-15T00:00:00Z,500,NA,NA,NA,NA,NA,NA,2017-12-13T00:00:00Z,2004-12-16T00:00:00Z,Personal Correspondence,12,1,12
ID167,Sara,67,60-69,M,'78,"Alumni, Degreed",Pioneer Pete,NA,Permanent,Orlando,FL,32836,Supervisor,That Corporation,2500,"$1,000,000 - $4,999,999",1000000,4999999,High,B,Cultivation,2018-01-16T00:00:00Z,2000,12000,13000,6500,4000,13500,24000,2012-01-17T00:00:00Z,2018-02-09T00:00:00Z,Phone Call,27,5,88
ID168,B.B.,69,60-69,M,'78,"Alumni, Degreed",Pioneer Pete,NA,Permanent,Papillion,NE,68046,Supervisor,Another Company,3000,"$50,000 - $99,999",50000,99999,Unknown,B,Qualification,2016-05-03T00:00:00Z,2500,NA,NA,2500,2500,NA,NA,2017-10-30T00:00:00Z,2017-11-21T00:00:00Z,Email Contact,5,1,2
ID169,Vanessa,47,40-49,M,'88,"Alumni, Degreed",Pioneer Pete,NA,Permanent,Spicewood,TX,78669,Supervisor,A Government Entity,2500,"$5,000,000 - $9,999,999",5000000,9999999,Unknown,NA,Qualification,2000-02-10T00:00:00Z,1000,NA,NA,NA,NA,NA,NA,NA,2001-02-15T00:00:00Z,Personal Correspondence,NA,NA,3
ID170,Cat,0,0-29,M,'81,"Alumni, Degreed",Pioneer Pete,NA,Permanent,Tampa,FL,33610,AVP,A Nonprofit Organization,2500,"$50,000 - $99,999",50000,99999,Low,B,Qualification,2009-10-02T00:00:00Z,125,NA,NA,NA,NA,NA,NA,2017-12-13T00:00:00Z,2013-10-03T00:00:00Z,Email Contact,9,NA,16
ID171,Amanda,65,60-69,M,'85,"Alumni, Degreed",Pioneer Pete,NA,Permanent,San Francisco,CA,94101,Chief Operating Officer,That Corporation,2500,"$50,000 - $99,999",50000,99999,Unknown,B,Qualification,2017-12-23T00:00:00Z,100,100,75,75,75,NA,75,2007-11-20T00:00:00Z,2017-06-16T00:00:00Z,Personal Correspondence,9,NA,27
ID172,Dana,74,70-79,F,'80,"Alumni, Degreed",Pioneer Pete,NA,Permanent,San Francisco,CA,94102,VP CEO,Another Company,4000,"$100,000 - $249,999",100000,249999,Unknown,B,Qualification,2016-10-03T00:00:00Z,500,NA,500,50,NA,NA,100,2014-02-20T00:00:00Z,2017-12-14T00:00:00Z,Event,9,2,17
ID173,Nancy,57,50-59,M,NA,Friend,Pioneer Pete,NA,Permanent,San Francisco,CA,94103,AVP,This Company,2500,NA,NA,NA,Unknown,NA,Disqualified as a MG Prosp,2017-10-06T00:00:00Z,500,2600,NA,NA,NA,NA,NA,NA,2018-01-10T00:00:00Z,Personal Correspondence,1,8,5
ID174,Cat,58,50-59,M,'68 '69MBA,"Alumni, Degreed",Pioneer Pete,NA,Permanent,San Francisco,CA,94103,AVP,That Corporation,2500,"$50,000 - $99,999",50000,99999,Unknown,A,Solicitation,2018-01-18T00:00:00Z,1000,5700,3000,8000,10020.15,4000,4000,NA,2018-03-12T00:00:00Z,Face-to-Face Visit (Tandem),6,17,29
ID175,Alberta,70,70-79,F,'98,"Alumni, Degreed",Pioneer Pete,NA,Permanent,San Francisco,CA,94103,Supervisor,A Nonprofit Organization,2500,"$250,000 - $499,999",250000,499999,Unknown,B,Qualification,2013-10-21T00:00:00Z,50,NA,NA,NA,NA,50,NA,NA,2017-03-02T00:00:00Z,Personal Correspondence,11,NA,18
ID176,Bobby,51,50-59,M,'80,"Alumni, Degreed",Pioneer Pete,NA,Permanent,Winter Park,FL,32789,VP CEO,That Corporation,2500,"$100,000 - $249,999",100000,249999,Unknown,B,Qualification,NA,NA,NA,NA,NA,NA,NA,NA,2017-11-02T00:00:00Z,2017-11-02T00:00:00Z,Attempted Contact; Email Contact,8,NA,NA
ID177,Patricia,59,50-59,M,'01MBA '13MLS P'13,"Alumni, Business School",Pioneer Pete,NA,Permanent,Winter Park,FL,32789,AVP,This Company,8500,"$50,000 - $99,999",50000,99999,Moderate,A,Cultivation,2017-01-09T00:00:00Z,4000,NA,4000,4000,4075,7550,7400,2017-11-29T00:00:00Z,2018-01-10T00:00:00Z,Personal Correspondence,5,19,21
ID178,Kelly,72,70-79,M,'80 P'15,"Alumni, Degreed",Pioneer Pete,NA,Work,Winter Park,FL,32790,Supervisor,Yet Another Corporation,2500,"$250,000 - $499,999",250000,499999,Unknown,B,Qualification,2015-11-04T00:00:00Z,100,NA,NA,100,1000,1000,300,2017-12-13T00:00:00Z,2013-10-03T00:00:00Z,Personal Correspondence,7,NA,24
ID179,Fiona,46,40-49,M,'73,"Alumni, Degreed",Pioneer Pete,NA,Permanent,Winter Park,FL,32789,Supervisor,Another Company,2500,"$50,000 - $99,999",50000,99999,Unknown,C,Qualification,2004-12-15T00:00:00Z,500,NA,NA,NA,NA,NA,NA,2017-12-13T00:00:00Z,2004-12-16T00:00:00Z,Personal Correspondence,12,1,12
ID180,Joy,81,80-89,M,'56,"Alumni, Degreed",Pioneer Pete,NA,Permanent,Winter Park,FL,32789,VP CEO,That Corporation,2500,"$1,000,000 - $4,999,999",1000000,4999999,Unknown,C,Qualification,2014-04-29T00:00:00Z,100,NA,NA,NA,NA,100,NA,2015-12-04T00:00:00Z,2008-12-03T00:00:00Z,Phone Call,12,NA,7
ID181,Kurt,70,70-79,F,'86,"Alumni, Degreed",Pioneer Pete,NA,Work,Winter Park,FL,32789,Supervisor,This Company,2500,"$100,000 - $249,999",100000,249999,High,NA,Cultivation,NA,NA,NA,NA,NA,NA,NA,NA,NA,2017-06-21T00:00:00Z,Personal Correspondence,NA,NA,1
ID182,Jennie,0,0-29,M,'90,"Alumni, Degreed",Pioneer Pete,NA,Permanent,Winter Park,FL,32789,AVP,That Corporation,2500,"$50,000 - $99,999",50000,99999,Unknown,C,Qualification,2017-12-19T00:00:00Z,2500,2500,NA,NA,NA,4000,4000,NA,2017-12-18T00:00:00Z,Email Contact,1,4,5
ID183,Georrgia,47,40-49,F,'80,"Alumni, Degreed",Pioneer Pete,NA,Permanent,Winter Park,FL,32789,Supervisor,This Company,6000,NA,NA,NA,Unknown,B,Disqualified as a MG Prosp,2017-05-24T00:00:00Z,2100,NA,4375,2100,2000,4000,4000,NA,2018-01-10T00:00:00Z,Personal Correspondence,2,4,9
ID184,Geddy,66,60-69,F,'82,"Alumni, Degreed",Pioneer Pete,NA,Permanent,Winter Park,FL,32789,Senior Director,That Corporation,2500,"$50,000 - $99,999",50000,99999,Low,B,Qualification,2014-03-10T00:00:00Z,100,NA,NA,NA,NA,100,NA,2013-10-16T00:00:00Z,2017-03-01T00:00:00Z,Personal Correspondence,5,NA,3
ID185,Dave,50,50-59,F,'66,"Alumni, Degreed",Pioneer Pete,NA,Permanent,Winter Park,FL,32789,Supervisor,This Company,2500,"$500,000 - $999,999",500000,999999,Unknown,D,Qualification,2004-03-31T00:00:00Z,100,NA,NA,NA,NA,NA,NA,2009-02-18T00:00:00Z,2016-11-30T00:00:00Z,Personal Correspondence,4,NA,1
ID186,Buddy,0,0-29,M,'92,"Alumni, Degreed",Pioneer Pete,NA,Permanent,Winter Park,FL,32789,AVP,That Corporation,2500,"$50,000 - $99,999",50000,99999,Unknown,B,Qualification,2017-04-21T00:00:00Z,250,NA,250,NA,250,150,150,2017-05-30T00:00:00Z,2017-06-16T00:00:00Z,Personal Correspondence,10,2,13
ID187,Cat,62,60-69,M,'81,"Alumni, Degreed",Pioneer Pete,NA,Permanent,Winter Park,FL,32789,Chief Operating Officer,A Nonprofit Organization,2500,NA,NA,NA,Unknown,NA,Qualification,2017-12-13T00:00:00Z,2100,2100,NA,1544,NA,3500,NA,NA,2018-01-10T00:00:00Z,Personal Correspondence,NA,6,6
ID188,Eddie,52,50-59,M,NA,Friend,Pioneer Pete,NA,Work,Winter Park,FL,32789,VP CEO,Another Company,2500,"$50,000 - $99,999",50000,99999,Low,C,Qualification,NA,NA,NA,NA,NA,NA,NA,NA,2017-12-13T00:00:00Z,2013-04-05T00:00:00Z,Personal Correspondence,2,NA,5
ID189,Jaco,58,50-59,F,'85,"Alumni, Degreed",Pioneer Pete,NA,Permanent,Winter Park,FL,32789,AVP,A Government Entity,2500,"$50,000 - $99,999",50000,99999,Moderate,A,Qualification,2018-01-02T00:00:00Z,2500,2850,2800,2500,2500,2500,2500,2004-01-08T00:00:00Z,2018-01-10T00:00:00Z,Face-to-Face Visit; Personal Correspondence,13,6,24
ID190,James,54,50-59,M,NA,Friend,Pioneer Pete,NA,Permanent,Winter Park,FL,32789,VP CEO,A Nonprofit Organization,2500,"$100,000 - $249,999",100000,249999,Unknown,C,Qualification,2008-02-21T00:00:00Z,250,NA,NA,NA,NA,NA,NA,2017-12-13T00:00:00Z,2013-02-25T00:00:00Z,Personal Correspondence,8,NA,13
ID191,George,59,50-59,F,'75,"Alumni, Degreed",Pioneer Pete,NA,Permanent,Winter Park,FL,32789,AVP,Yet Another Corporation,2500,"$100,000 - $249,999",100000,249999,Unknown,C,Qualification,NA,NA,NA,NA,NA,NA,NA,NA,2018-03-12T00:00:00Z,2009-09-21T00:00:00Z,Phone Call,10,1,NA
ID192,John,67,60-69,M,'66,"Alumni, Degreed",Pioneer Pete,NA,Permanent,Winter Park,FL,32789,Supervisor,A Nonprofit Organization,2500,"$50,000 - $99,999",50000,99999,Unknown,B,Qualification,2017-10-11T00:00:00Z,1,NA,NA,NA,NA,NA,NA,NA,2017-11-14T00:00:00Z,Personal Correspondence,3,3,NA
ID193,Rachel,71,70-79,F,'80,"Alumni, Degreed",Pioneer Pete,NA,Permanent,Winter Park,FL,32789,Supervisor,A Government Entity,3000,"$100,000 - $249,999",100000,249999,Unknown,C,Qualification,1990-12-14T00:00:00Z,100,NA,NA,NA,NA,NA,NA,2009-09-24T00:00:00Z,2014-03-14T00:00:00Z,Email Contact,4,1,3
ID194,Dave,45,40-49,M,'69,"Alumni, Degreed",Pioneer Pete,NA,Permanent,Winter Park,FL,32789,Supervisor,A Nonprofit Organization,3000,"$250,000 - $499,999",250000,499999,Unknown,B,Qualification,2016-05-27T00:00:00Z,1881,NA,NA,1881,NA,1910,100,2018-02-28T00:00:00Z,2018-02-01T00:00:00Z,Phone Call,23,7,19
ID195,Wendy,60,60-69,F,'74,"Alumni, Degreed",Pioneer Pete,NA,Permanent,Winter Park,FL,32789,Chief Operating Officer,Yet Another Corporation,2500,NA,NA,NA,Unknown,C,Qualification,2017-03-24T00:00:00Z,2000,NA,2000,NA,NA,NA,NA,2014-03-31T00:00:00Z,2017-06-16T00:00:00Z,Personal Correspondence,2,NA,5
ID196,Steve,64,60-69,F,'72 P'02MBA,"Alumni, Degreed",Pioneer Pete,NA,Permanent,Winter Park,FL,32789,Chief Operating Officer,Yet Another Corporation,2500,"$50,000 - $99,999",50000,99999,Low,B,Qualification,2016-11-14T00:00:00Z,500,NA,500,100,NA,NA,NA,2017-11-15T00:00:00Z,2017-10-30T00:00:00Z,Email Contact,7,3,19
ID197,Brian,59,50-59,F,'84,"Alumni, Degreed",Pioneer Pete,NA,Permanent,Winter Park,FL,32789,AVP,A Government Entity,4000,"$100,000 - $249,999",100000,249999,Unknown,B,Qualification,2017-12-26T00:00:00Z,200,200,200,200,200,NA,NA,2012-04-09T00:00:00Z,2017-06-16T00:00:00Z,Personal Correspondence,6,2,25
ID198,Katherine,0,0-29,F,'11MLS P'11,"Alumni, Grad School",Pioneer Pete,NA,Permanent,Winter Park,FL,32789,AVP,This Company,6000,"$50,000 - $99,999",50000,99999,Moderate,A,Cultivation,2017-01-09T00:00:00Z,4000,NA,4000,4000,4075,7550,7400,2017-11-29T00:00:00Z,2018-01-10T00:00:00Z,Personal Correspondence,5,19,21
ID199,Nell,85,80-89,F,'67MAT,"Alumni, Grad School",Pioneer Pete,NA,Permanent,Winter Park,FL,32789,VP CEO,Yet Another Corporation,2500,"$50,000 - $99,999",50000,99999,Moderate,A,Stewardship,2017-12-21T00:00:00Z,10000,10000,25000,2500,22000,15000,36000,2014-06-16T00:00:00Z,2018-01-10T00:00:00Z,Personal Correspondence,9,4,36
ID200,Eddie,52,50-59,F,NA,Friend,Bernie the St. Bernard,NA,Work,Winter Park,FL,32789,VP CEO,A Government Entity,2500,"$250,000 - $499,999",250000,499999,Low,C,Qualification,1997-08-06T00:00:00Z,50,NA,NA,NA,NA,NA,NA,2014-02-26T00:00:00Z,2013-11-22T00:00:00Z,Personal Correspondence,3,2,2
ID201,Tom,50,50-59,M,P'21,"Parent, Current",Bernie the St. Bernard,NA,Permanent,Altamonte Springs,FL,32714,Supervisor,A Government Entity,2500,"$50,000 - $99,999",50000,99999,Low,A,Cultivation,2017-05-15T00:00:00Z,100,NA,100,100,100,200,100,2015-01-05T00:00:00Z,2017-06-16T00:00:00Z,Personal Correspondence,15,4,37
ID202,Cat,59,50-59,M,NA,Friend,Bernie the St. Bernard,NA,Permanent,Andover,MA,01810,AVP,A Government Entity,4000,"$50,000 - $99,999",50000,99999,Unknown,C,Qualification,2000-05-17T00:00:00Z,1000,NA,NA,NA,NA,NA,NA,2013-09-25T00:00:00Z,2017-03-02T00:00:00Z,Personal Correspondence,7,4,1
ID203,Kurt,73,70-79,M,'78,"Alumni, Degreed",Bernie the St. Bernard,NA,Permanent,Apopka,FL,32703,Supervisor,Yet Another Corporation,2500,"$50,000 - $99,999",50000,99999,Unknown,NA,Qualification,2003-11-20T00:00:00Z,2000,NA,NA,NA,NA,NA,NA,NA,2014-02-17T00:00:00Z,Phone Call,3,NA,3
ID204,Alberta,73,70-79,F,'71,"Alumni, Degreed",Bernie the St. Bernard,NA,Permanent,Clarendon Hills,IL,60514,Supervisor,This Company,2500,"$500,000 - $999,999",500000,999999,Unknown,D,Qualification,2004-03-31T00:00:00Z,100,NA,NA,NA,NA,NA,NA,2009-02-18T00:00:00Z,2016-11-30T00:00:00Z,Personal Correspondence,4,NA,1
ID205,Chris,51,50-59,M,'73,"Alumni, Degreed",Bernie the St. Bernard,NA,Permanent,Golden Oak,FL,32836,VP CEO,This Company,2500,"$100,000 - $249,999",100000,249999,Unknown,B,Cultivation,2015-11-04T00:00:00Z,200,NA,NA,200,210,NA,200,2003-10-17T00:00:00Z,2018-01-09T00:00:00Z,Face-to-Face Visit,15,7,26
ID206,Danielle,59,50-59,M,'01,"Alumni, Degreed",Bernie the St. Bernard,NA,Permanent,Golden Oak,FL,32836,AVP,Yet Another Corporation,2500,"$100,000 - $249,999",100000,249999,Low,B,Qualification,2018-02-06T00:00:00Z,100,100,NA,NA,NA,314.16,1884.96,2012-11-06T00:00:00Z,2018-03-23T00:00:00Z,Face-to-Face Visit,10,10,52
ID207,Lisa,0,0-29,F,'90,"Alumni, Degreed",Bernie the St. Bernard,NA,Permanent,Guilford,CT,06437,AVP,Yet Another Corporation,2500,"$100,000 - $249,999",100000,249999,Unknown,C,Qualification,NA,NA,NA,NA,NA,NA,NA,NA,2018-03-12T00:00:00Z,2009-09-21T00:00:00Z,Phone Call,10,1,NA
ID208,Stevie Ray,73,70-79,F,'68,"Alumni, Degreed",Bernie the St. Bernard,NA,Permanent,Jacksonville,FL,32246,Supervisor,A Government Entity,2500,"$50,000 - $99,999",50000,99999,Low,A,Cultivation,2017-05-15T00:00:00Z,100,NA,100,100,100,200,100,2015-01-05T00:00:00Z,2017-06-16T00:00:00Z,Personal Correspondence,15,4,37
ID209,Nora,0,0-29,M,'09,"Alumni, Degreed",Bernie the St. Bernard,NA,Permanent,Maitland,FL,32751,AVP,A Government Entity,2500,"$100,000 - $249,999",100000,249999,Unknown,B,Qualification,2017-12-26T00:00:00Z,200,200,200,200,200,NA,NA,2012-04-09T00:00:00Z,2017-06-16T00:00:00Z,Personal Correspondence,6,2,25
ID210,Ophelia,65,60-69,F,'92,"Alumni, Degreed",Bernie the St. Bernard,NA,Permanent,Maitland,FL,32751,Chief Operating Officer,A Nonprofit Organization,2500,"$50,000 - $99,999",50000,99999,High,A,Not a MG Prospect Now,2017-10-19T00:00:00Z,5000,5000,5000,7100,5000,5000,1885,2004-09-14T00:00:00Z,2018-01-10T00:00:00Z,Personal Correspondence,11,10,62
ID211,Michael,75,70-79,M,NA,Friend,Bernie the St. Bernard,NA,Permanent,Maitland,FL,32751,VP CEO,A Government Entity,2500,"$250,000 - $499,999",250000,499999,Low,C,Qualification,1997-08-06T00:00:00Z,50,NA,NA,NA,NA,NA,NA,2014-02-26T00:00:00Z,2013-11-22T00:00:00Z,Personal Correspondence,3,2,2
ID212,David,0,0-29,F,'75,"Alumni, Non-Degreed",Bernie the St. Bernard,NA,Permanent,Maitland,FL,32751,AVP,A Government Entity,2500,"$50,000 - $99,999",50000,99999,Unknown,C,Qualification,2000-05-17T00:00:00Z,1000,NA,NA,NA,NA,NA,NA,2013-09-25T00:00:00Z,2017-03-02T00:00:00Z,Personal Correspondence,7,4,1
ID213,Alex,71,70-79,F,'80,"Alumni, Degreed",Bernie the St. Bernard,NA,Permanent,Maitland,FL,32751,Supervisor,Another Company,3000,"$50,000 - $99,999",50000,99999,Moderate,B,Cultivation,2012-03-27T00:00:00Z,2000,NA,NA,NA,NA,NA,NA,2012-02-01T00:00:00Z,2016-12-13T00:00:00Z,Personal Correspondence,15,18,22
ID214,Janis,66,60-69,F,'92,"Alumni, Degreed",Bernie the St. Bernard,NA,Permanent,Maitland,FL,32751,Supervisor,This Company,125,"$250,000 - $499,999",250000,499999,Unknown,NA,Qualification,2014-04-23T00:00:00Z,2000,NA,NA,NA,NA,2000,NA,NA,NA,NA,NA,NA,1
ID215,Neil,68,60-69,F,'84,"Alumni, Degreed",Bernie the St. Bernard,NA,Permanent,Minneapolis,MN,55437,Supervisor,That Corporation,2500,"$100,000 - $249,999",100000,249999,Unknown,B,Qualification,2017-04-03T00:00:00Z,250,NA,250,NA,NA,250,200,2015-12-01T00:00:00Z,2017-06-16T00:00:00Z,Personal Correspondence,11,1,11
ID216,Chuck,55,50-59,F,'67,"Alumni, Degreed",Bernie the St. Bernard,NA,Permanent,Natick,MA,01760,VP CEO,Another Company,2500,"$50,000 - $99,999",50000,99999,Unknown,B,Qualification,2017-11-20T00:00:00Z,500,500,13792,130,100,100,100,NA,2018-01-10T00:00:00Z,Personal Correspondence,7,NA,38
ID217,John,64,60-69,M,'85 P'20,"Alumni, Degreed",Bernie the St. Bernard,NA,Permanent,New Haven,CT,06511,Chief Operating Officer,Yet Another Corporation,8500,"$100,000 - $249,999",100000,249999,Unknown,B,Qualification,2016-11-08T00:00:00Z,100,NA,100,NA,NA,1885,1885,2013-11-18T00:00:00Z,2017-06-16T00:00:00Z,Personal Correspondence,18,NA,12
ID218,Sally,0,0-29,F,'84,"Alumni, Degreed",Bernie the St. Bernard,NA,Permanent,New York,NY,10001,AVP,Yet Another Corporation,2500,"$100,000 - $249,999",100000,249999,Low,B,Qualification,2018-02-06T00:00:00Z,100,100,NA,NA,NA,314.16,1884.96,2012-11-06T00:00:00Z,2018-03-23T00:00:00Z,Face-to-Face Visit,10,10,52
ID219,Marshall,0,0-29,F,'83,"Alumni, Degreed",Bernie the St. Bernard,NA,Permanent,New York,NY,10001,AVP,This Company,2500,"$100,000 - $249,999",100000,249999,Unknown,C,Qualification,1994-03-14T00:00:00Z,25,NA,NA,NA,NA,NA,NA,2017-12-13T00:00:00Z,NA,NA,10,NA,2
ID220,Karen,50,50-59,M,'95,"Alumni, Degreed",Bernie the St. Bernard,NA,Permanent,New York,NY,10001,Supervisor,That Corporation,2500,"$250,000 - $499,999",250000,499999,Unknown,B,Cultivation,2017-03-22T00:00:00Z,10000,NA,10050,NA,250,NA,NA,2017-11-20T00:00:00Z,2018-03-08T00:00:00Z,Face-to-Face Visit,7,8,17
ID221,Kanye,59,50-59,M,'92,"Alumni, Degreed",Bernie the St. Bernard,NA,Permanent,New York,NY,10001,AVP,This Company,125,"$100,000 - $249,999",100000,249999,Unknown,C,Qualification,1994-03-14T00:00:00Z,25,NA,NA,NA,NA,NA,NA,2017-12-13T00:00:00Z,NA,NA,10,NA,2
ID222,Lenny,73,70-79,M,NA,Friend,Bernie the St. Bernard,NA,Permanent,New York,NY,10001,Supervisor,That Corporation,2500,"$250,000 - $499,999",250000,499999,Unknown,B,Cultivation,2017-03-22T00:00:00Z,10000,NA,10050,NA,250,NA,NA,2017-11-20T00:00:00Z,2018-03-08T00:00:00Z,Face-to-Face Visit,7,8,17
ID223,Lee,73,70-79,M,'96,"Alumni, Degreed",Bernie the St. Bernard,NA,Permanent,New York,NY,10001,VP CEO,A Nonprofit Organization,2500,"$50,000 - $99,999",50000,99999,Unknown,NA,Qualification,2017-09-18T00:00:00Z,5000,5000,3000,2100,5000,NA,NA,NA,2018-02-05T00:00:00Z,Face-to-Face Visit,NA,3,5
ID224,Pete,51,50-59,M,'83,"Alumni, Degreed",Bernie the St. Bernard,NA,Permanent,New York,NY,10001,VP CEO,A Nonprofit Organization,2500,"$100,000 - $249,999",100000,249999,Unknown,C,Qualification,1989-03-28T00:00:00Z,50,NA,NA,NA,NA,NA,NA,2015-12-02T00:00:00Z,2013-04-30T00:00:00Z,Personal Correspondence,2,1,1
ID225,Robert,59,50-59,M,'68,"Alumni, Degreed",Bernie the St. Bernard,NA,Permanent,New York,NY,10001,AVP,This Company,125,"$100,000 - $249,999",100000,249999,Unknown,B,Qualification,2017-12-26T00:00:00Z,5000,5000,5000,5000,5000,5000,5000,2017-11-27T00:00:00Z,2018-01-10T00:00:00Z,Personal Correspondence,9,NA,32
ID226,Vicky,0,0-29,M,'92,"Alumni, Degreed",Bernie the St. Bernard,NA,Permanent,New York,NY,10001,AVP,This Company,8500,"$100,000 - $249,999",100000,249999,Unknown,B,Qualification,2017-12-26T00:00:00Z,5000,5000,5000,5000,5000,5000,5000,2017-11-27T00:00:00Z,2018-01-10T00:00:00Z,Personal Correspondence,9,NA,32
ID227,Michael,73,70-79,M,'63,"Alumni, Degreed",Bernie the St. Bernard,NA,Permanent,New York,NY,10002,VP CEO,That Corporation,2500,"$250,000 - $499,999",250000,499999,Unknown,D,Qualification,2002-09-11T00:00:00Z,2500,NA,NA,NA,NA,NA,NA,2013-11-14T00:00:00Z,NA,NA,4,NA,11
ID228,Catherine,0,0-29,M,'64 P'97MAT P'97 P'01MBA,"Alumni, Degreed",Bernie the St. Bernard,NA,Permanent,New York,NY,10002,AVP,Yet Another Corporation,2500,"$100,000 - $249,999",100000,249999,Unknown,NA,Qualification,2018-01-31T00:00:00Z,10000,10000,NA,NA,NA,10000,10000,2016-03-03T00:00:00Z,2017-02-22T00:00:00Z,Phone Call,4,NA,10
ID229,Elaine,65,60-69,F,NA,Friend,Bernie the St. Bernard,NA,Permanent,New York,NY,10002,Chief Operating Officer,A Government Entity,2500,"$100,000 - $249,999",100000,249999,Unknown,D,Qualification,NA,NA,NA,NA,NA,NA,NA,NA,NA,2016-06-21T00:00:00Z,Personal Correspondence,7,NA,NA
ID230,Tom,75,70-79,M,'12MLS,"Alumni, Grad School",Bernie the St. Bernard,NA,Permanent,New York,NY,10002,VP CEO,A Nonprofit Organization,2500,"$100,000 - $249,999",100000,249999,Unknown,C,Qualification,2008-02-21T00:00:00Z,250,NA,NA,NA,NA,NA,NA,2017-12-13T00:00:00Z,2013-02-25T00:00:00Z,Personal Correspondence,8,NA,13
ID231,Jimi,0,0-29,F,'91,"Alumni, Degreed",Bernie the St. Bernard,NA,Permanent,New York,NY,10002,AVP,A Nonprofit Organization,4000,"$100,000 - $249,999",100000,249999,Unknown,NA,Qualification,2017-08-02T00:00:00Z,2100,2100,4100,4100,5000,4600,4000,2003-12-22T00:00:00Z,2018-02-26T00:00:00Z,Email Contact,3,7,31
ID232,Buddy,71,70-79,M,'89,"Alumni, Degreed",Bernie the St. Bernard,NA,Work,New York,NY,10002,Supervisor,A Nonprofit Organization,2500,"$50,000 - $99,999",50000,99999,Moderate,B,Qualification,2017-12-15T00:00:00Z,2000,2000,2500,1000,2000,1885,1885,2008-03-06T00:00:00Z,2018-01-10T00:00:00Z,Personal Correspondence,11,4,21
ID233,Duncan,66,60-69,M,NA,Friend,Bernie the St. Bernard,NA,Permanent,New York,NY,10003,Supervisor,Yet Another Corporation,2500,"$100,000 - $249,999",100000,249999,Unknown,NA,Cultivation,2017-10-30T00:00:00Z,25000,30200,25000,29200,NA,8500,5000,NA,2018-01-10T00:00:00Z,Personal Correspondence,2,11,20
ID234,John,68,60-69,F,'87,"Alumni, Degreed",Bernie the St. Bernard,NA,Permanent,New York,NY,10003,Supervisor,Another Company,2500,"$50,000 - $99,999",50000,99999,Unknown,B,Qualification,2012-03-19T00:00:00Z,250,NA,NA,NA,NA,NA,NA,2013-07-10T00:00:00Z,2015-08-26T00:00:00Z,Email Contact,2,NA,1
ID235,George,55,50-59,F,'82 P'15,"Alumni, Degreed",Bernie the St. Bernard,NA,Permanent,New York,NY,10003,VP CEO,Yet Another Corporation,6000,"$50,000 - $99,999",50000,99999,Low,B,Qualification,2017-08-22T00:00:00Z,75,75,NA,100,NA,100,NA,NA,2017-12-14T00:00:00Z,Email Contact,8,4,24
ID236,Mary,64,60-69,M,'90,"Alumni, Degreed",Bernie the St. Bernard,NA,Permanent,New York,NY,10003,Chief Operating Officer,This Company,2500,"$100,000 - $249,999",100000,249999,Unknown,B,Qualification,2015-10-19T00:00:00Z,250,NA,NA,250,NA,NA,250,2007-04-10T00:00:00Z,2015-01-22T00:00:00Z,Email Contact,12,NA,42
ID237,Tom,0,0-29,M,'68,"Alumni, Non-Degreed",Bernie the St. Bernard,NA,Permanent,Orlando,FL,32804,AVP,Another Company,4000,"$50,000 - $99,999",50000,99999,High,A,Cultivation,2017-12-18T00:00:00Z,2500,2550,2550,2540,2540,2530,1945,2014-06-16T00:00:00Z,2018-01-10T00:00:00Z,Personal Correspondence,6,18,57
ID238,David,0,0-29,F,'68,"Alumni, Degreed",Bernie the St. Bernard,NA,Permanent,Orlando,FL,32836,Chief Operating Officer,Another Company,2500,"$100,000 - $249,999",100000,249999,Unknown,D,Qualification,NA,NA,NA,NA,NA,NA,NA,NA,NA,NA,NA,NA,NA,NA
ID239,Julie,59,50-59,M,'64,"Alumni, Degreed",Bernie the St. Bernard,NA,Permanent,Orlando,FL,32836,AVP,Yet Another Corporation,2500,"$100,000 - $249,999",100000,249999,Unknown,NA,Qualification,2018-01-31T00:00:00Z,10000,10000,NA,NA,NA,10000,10000,2016-03-03T00:00:00Z,2017-02-22T00:00:00Z,Phone Call,4,NA,10
ID240,Neil,73,70-79,F,'00 '08MA,"Alumni, Degreed",Bernie the St. Bernard,NA,Permanent,Orlando,FL,32812,VP CEO,That Corporation,2500,"$50,000 - $99,999",50000,99999,Unknown,C,Qualification,1998-12-30T00:00:00Z,25,NA,NA,NA,NA,NA,NA,2017-12-13T00:00:00Z,NA,NA,3,NA,4
ID241,Eddie,73,70-79,M,'76,"Alumni, Degreed",Bernie the St. Bernard,NA,Permanent,Orlando,FL,32827,VP CEO,Yet Another Corporation,2500,"$50,000 - $99,999",50000,99999,High,B,Cultivation,2017-03-08T00:00:00Z,250,NA,250,NA,NA,NA,NA,2017-11-15T00:00:00Z,2017-06-16T00:00:00Z,Personal Correspondence,14,8,20
ID242,Miles,51,50-59,F,'92MLS,"Alumni, Grad School",Bernie the St. Bernard,NA,Permanent,Orlando,FL,32806,VP CEO,A Government Entity,2500,"$50,000 - $99,999",50000,99999,Unknown,B,Qualification,2014-02-24T00:00:00Z,500,NA,NA,NA,NA,1000,750,2017-12-13T00:00:00Z,2014-09-02T00:00:00Z,Email Contact,7,NA,14
ID243,Jaco,59,50-59,F,'75,"Alumni, Degreed",Bernie the St. Bernard,NA,Permanent,Orlando,FL,32832,AVP,A Nonprofit Organization,2500,"$100,000 - $249,999",100000,249999,Unknown,NA,Qualification,2017-08-02T00:00:00Z,2100,2100,4100,4100,5000,4600,4000,2003-12-22T00:00:00Z,2018-02-26T00:00:00Z,Email Contact,3,7,31
ID244,James,0,0-29,M,'95,"Alumni, Degreed",Bernie the St. Bernard,NA,Permanent,Orlando,FL,32836,Chief Operating Officer,Yet Another Corporation,125,NA,NA,NA,Unknown,C,Qualification,2017-03-24T00:00:00Z,2000,NA,2000,NA,NA,NA,NA,2014-03-31T00:00:00Z,2017-06-16T00:00:00Z,Personal Correspondence,2,NA,5
ID245,Charlene,73,70-79,F,'68,"Alumni, Degreed",Bernie the St. Bernard,NA,Permanent,Orlando,FL,32819,VP CEO,That Corporation,2500,"$100,000 - $249,999",100000,249999,Unknown,B,Qualification,NA,NA,NA,NA,NA,NA,NA,NA,2017-11-02T00:00:00Z,2017-11-02T00:00:00Z,Attempted Contact; Email Contact,8,NA,NA
ID246,John,0,0-29,F,'95 '03MLS,"Alumni, Degreed",Bernie the St. Bernard,NA,Permanent,Orlando,FL,32835,Chief Operating Officer,A Nonprofit Organization,125,NA,NA,NA,Unknown,NA,Qualification,2017-12-13T00:00:00Z,2100,2100,NA,1544,NA,3500,NA,NA,2018-01-10T00:00:00Z,Personal Correspondence,NA,6,6
ID247,Bibi,65,60-69,M,'70,"Alumni, Degreed",Bernie the St. Bernard,NA,Permanent,Orlando,FL,32827,Chief Operating Officer,A Government Entity,125,"$100,000 - $249,999",100000,249999,Unknown,C,Qualification,NA,NA,NA,NA,NA,NA,NA,NA,2014-10-17T00:00:00Z,2016-10-12T00:00:00Z,Phone Call,5,NA,NA
ID248,Janet,75,70-79,M,'74 '75MBA P'11 P'12MBA,"Alumni, Degreed",Bernie the St. Bernard,NA,Permanent,Orlando,FL,32836,VP CEO,A Government Entity,2500,"$500,000 - $999,999",500000,999999,Unknown,NA,Not a MG Prospect Now,2017-09-07T00:00:00Z,2050,2050,4100,2500,NA,4000,4000,NA,2018-03-12T00:00:00Z,Face-to-Face Visit,4,10,16
ID249,Leslie,0,0-29,M,'70,"Alumni, Degreed",Bernie the St. Bernard,NA,Permanent,Orlando,FL,32814,Chief Operating Officer,This Company,2500,"$50,000 - $99,999",50000,99999,Unknown,B,Qualification,2011-10-17T00:00:00Z,250,NA,NA,NA,NA,NA,NA,2007-11-20T00:00:00Z,2010-12-08T00:00:00Z,Personal Correspondence,8,NA,4
ID250,Steve,71,70-79,M,'93,"Alumni, Degreed",Bernie the St. Bernard,NA,Permanent,Orlando,FL,32827,Supervisor,A Government Entity,2500,"$250,000 - $499,999",250000,499999,Unknown,NA,Qualification,2010-04-19T00:00:00Z,2000,NA,NA,NA,NA,NA,NA,NA,2018-02-04T00:00:00Z,Email Contact,2,10,7
ID251,Angus,66,60-69,M,NA,Friend,Bernie the St. Bernard,NA,Permanent,Orlando,FL,32832,Supervisor,A Government Entity,2500,NA,NA,NA,Unknown,NA,Disqualified as a MG Prosp,2017-09-22T00:00:00Z,2100,2100,2000,4100,NA,NA,NA,NA,2018-01-10T00:00:00Z,Personal Correspondence,NA,7,5
ID252,Ty,68,60-69,M,NA,"Trustee, Former",Bernie the St. Bernard,NA,Permanent,Orlando,FL,32832,Supervisor,Another Company,2500,"$500,000 - $999,999",500000,999999,Unknown,B,Qualification,1996-12-12T00:00:00Z,25,NA,NA,NA,NA,NA,NA,2017-01-19T00:00:00Z,2013-07-29T00:00:00Z,Personal Correspondence,13,NA,1
ID253,Nancy,55,50-59,M,'67,"Alumni, Degreed",Bernie the St. Bernard,NA,Permanent,Orlando,FL,32804,VP CEO,That Corporation,125,"$1,000,000 - $4,999,999",1000000,4999999,Unknown,C,Qualification,2014-04-29T00:00:00Z,100,NA,NA,NA,NA,100,NA,2015-12-04T00:00:00Z,2008-12-03T00:00:00Z,Phone Call,12,NA,7
ID254,Alex,64,60-69,F,'82,"Alumni, Degreed",Bernie the St. Bernard,NA,Permanent,Orlando,FL,32827,Chief Operating Officer,A Nonprofit Organization,2500,"$100,000 - $249,999",100000,249999,Moderate,A,Qualification,2018-03-08T00:00:00Z,50,50,500,550,50,50,1935,2004-09-30T00:00:00Z,2017-11-20T00:00:00Z,Email Contact,11,8,34
ID255,Penny,0,0-29,M,'81,"Alumni, Non-Degreed",Bernie the St. Bernard,NA,Permanent,Orlando,FL,32819,Chief Operating Officer,This Company,2500,"$500,000 - $999,999",500000,999999,Moderate,B,Cultivation,2010-12-20T00:00:00Z,5000,NA,NA,NA,NA,NA,NA,2018-03-13T00:00:00Z,2016-12-06T00:00:00Z,Personal Correspondence,11,2,7
ID256,Miles,0,0-29,F,'70,"Alumni, Degreed",Bernie the St. Bernard,NA,Permanent,Orlando,FL,32836,Chief Operating Officer,Another Company,20000,"$100,000 - $249,999",100000,249999,Unknown,B,Cultivation,2017-09-25T00:00:00Z,15000,65000,100000,50000,50000,50000,20000,NA,2018-01-10T00:00:00Z,Personal Correspondence,3,1,13
ID257,Sara,50,50-59,M,'89,"Alumni, Degreed",Bernie the St. Bernard,NA,Permanent,Orlando,FL,32820,VP CEO,A Nonprofit Organization,4000,"$50,000 - $99,999",50000,99999,Unknown,NA,Qualification,2017-09-18T00:00:00Z,5000,5000,3000,2100,5000,NA,NA,NA,2018-02-05T00:00:00Z,Face-to-Face Visit,NA,3,5
ID258,B.B.,59,50-59,M,'80,"Alumni, Degreed",Bernie the St. Bernard,NA,Permanent,Orlando,FL,32827,AVP,Another Company,20000,"$50,000 - $99,999",50000,99999,High,A,Cultivation,2017-12-18T00:00:00Z,2500,2550,2550,2540,2540,2530,1945,2014-06-16T00:00:00Z,2018-01-10T00:00:00Z,Personal Correspondence,6,18,57
ID259,Vanessa,73,70-79,F,'68,"Alumni, Non-Degreed",Bernie the St. Bernard,NA,Permanent,Orlando,FL,32819,VP CEO,This Company,2500,"$100,000 - $249,999",100000,249999,Unknown,B,Cultivation,2015-11-04T00:00:00Z,200,NA,NA,200,210,NA,200,2003-10-17T00:00:00Z,2018-01-09T00:00:00Z,Face-to-Face Visit,15,7,26
ID260,Cat,73,70-79,M,'93,"Alumni, Degreed",Bernie the St. Bernard,NA,Permanent,Orlando,FL,32819,VP CEO,A Nonprofit Organization,2500,"$100,000 - $249,999",100000,249999,Unknown,C,Qualification,1989-03-28T00:00:00Z,50,NA,NA,NA,NA,NA,NA,2015-12-02T00:00:00Z,2013-04-30T00:00:00Z,Personal Correspondence,2,1,1
ID261,Amanda,51,50-59,M,'99MLS,"Alumni, Grad School",Bernie the St. Bernard,NA,Permanent,Orlando,FL,32827,VP CEO,Another Company,2500,"$100,000 - $249,999",100000,249999,Unknown,B,Qualification,2016-10-03T00:00:00Z,500,NA,500,50,NA,NA,100,2014-02-20T00:00:00Z,2017-12-14T00:00:00Z,Event,9,2,17
ID262,Dana,59,50-59,F,'68,"Alumni, Degreed",Bernie the St. Bernard,NA,Permanent,Orlando,FL,32806,Chief Operating Officer,Another Company,2500,"$100,000 - $249,999",100000,249999,Unknown,D,Qualification,NA,NA,NA,NA,NA,NA,NA,NA,NA,NA,NA,NA,NA,NA
ID263,Nancy,0,0-29,M,NA,Friend,Bernie the St. Bernard,NA,Work,Orlando,FL,32819,Chief Operating Officer,That Corporation,2500,"$250,000 - $499,999",250000,499999,Unknown,C,Cultivation,2009-03-03T00:00:00Z,20,NA,NA,NA,NA,NA,NA,2017-12-13T00:00:00Z,2014-09-04T00:00:00Z,Email Contact,9,3,16
ID264,Cat,73,70-79,F,'92,"Alumni, Degreed",Bernie the St. Bernard,NA,Permanent,Orlando,FL,32836,VP CEO,A Government Entity,6000,"$50,000 - $99,999",50000,99999,Unknown,B,Qualification,2014-02-24T00:00:00Z,500,NA,NA,NA,NA,1000,750,2017-12-13T00:00:00Z,2014-09-02T00:00:00Z,Email Contact,7,NA,14
ID265,George,0,0-29,F,'08MA,"Alumni, Grad School",Bernie the St. Bernard,NA,Permanent,Orlando,FL,32832,Chief Operating Officer,Another Company,2500,"$50,000 - $99,999",50000,99999,Unknown,NA,Cultivation,2015-11-04T00:00:00Z,100,NA,NA,100,NA,NA,NA,2017-12-21T00:00:00Z,2016-11-08T00:00:00Z,Personal Correspondence,7,NA,3
ID266,John,65,60-69,M,'90,"Alumni, Degreed",Bernie the St. Bernard,NA,Permanent,Orlando,FL,32827,Chief Operating Officer,Another Company,3000,"$50,000 - $99,999",50000,99999,High,B,Stewardship,2017-01-03T00:00:00Z,100,NA,100,NA,85000,500,2385,2014-06-16T00:00:00Z,2017-12-06T00:00:00Z,Face-to-Face Visit,18,11,30
ID267,Rachel,75,70-79,M,'78,"Alumni, Degreed",Bernie the St. Bernard,NA,Permanent,Orlando,FL,32836,VP CEO,This Company,2500,"$50,000 - $99,999",50000,99999,Unknown,B,Qualification,2017-05-15T00:00:00Z,50,NA,50,75,25,50,25,2013-05-29T00:00:00Z,2017-06-16T00:00:00Z,Personal Correspondence,9,NA,23
ID268,Dave,0,0-29,M,'78,"Alumni, Degreed",Bernie the St. Bernard,NA,Permanent,Papillion,NE,68046,Chief Operating Officer,That Corporation,2500,"$50,000 - $99,999",50000,99999,Unknown,B,Qualification,2013-10-15T00:00:00Z,500,NA,NA,NA,NA,500,NA,2017-12-13T00:00:00Z,2015-05-26T00:00:00Z,Email Contact,3,2,2
ID269,Wendy,71,70-79,M,'88,"Alumni, Degreed",Bernie the St. Bernard,NA,Permanent,Spicewood,TX,78669,Supervisor,A Government Entity,2500,"$5,000,000 - $9,999,999",5000000,9999999,Unknown,NA,Qualification,2000-02-10T00:00:00Z,1000,NA,NA,NA,NA,NA,NA,NA,2001-02-15T00:00:00Z,Personal Correspondence,NA,NA,3
ID270,Steve,66,60-69,M,'81,"Alumni, Degreed",Bernie the St. Bernard,NA,Permanent,Tampa,FL,33610,Supervisor,A Nonprofit Organization,2500,"$100,000 - $249,999",100000,249999,Unknown,NA,Qualification,2017-10-06T00:00:00Z,1900,1900,1000,5000,NA,NA,NA,NA,2017-11-02T00:00:00Z,Email Contact,NA,1,3
ID271,Brian,68,60-69,M,'85,"Alumni, Degreed",Bernie the St. Bernard,NA,Permanent,San Francisco,CA,94101,Supervisor,That Corporation,2500,"$50,000 - $99,999",50000,99999,Unknown,B,Qualification,2017-03-31T00:00:00Z,100,NA,100,NA,NA,NA,NA,2017-12-13T00:00:00Z,2017-06-16T00:00:00Z,Personal Correspondence,10,NA,9
ID272,Katherine,55,50-59,F,'80,"Alumni, Degreed",Bernie the St. Bernard,NA,Permanent,San Francisco,CA,94102,VP CEO,Yet Another Corporation,75,"$50,000 - $99,999",50000,99999,Moderate,A,Stewardship,2017-12-21T00:00:00Z,10000,10000,25000,2500,22000,15000,36000,2014-06-16T00:00:00Z,2018-01-10T00:00:00Z,Personal Correspondence,9,4,36
ID273,Nell,64,60-69,M,NA,Friend,Bernie the St. Bernard,NA,Permanent,San Francisco,CA,94103,Chief Operating Officer,Yet Another Corporation,2500,"$50,000 - $99,999",50000,99999,Unknown,B,Not a MG Prospect Now,NA,NA,250,2000,NA,NA,4250,NA,NA,2017-07-05T00:00:00Z,Email Contact,2,11,17
ID274,Eddie,0,0-29,M,'68 '69MBA,"Alumni, Degreed",Bernie the St. Bernard,NA,Permanent,San Francisco,CA,94103,Chief Operating Officer,Yet Another Corporation,2500,"$50,000 - $99,999",50000,99999,Low,B,Qualification,2016-11-14T00:00:00Z,500,NA,500,100,NA,NA,NA,2017-11-15T00:00:00Z,2017-10-30T00:00:00Z,Email Contact,7,3,19
ID275,Tom,0,0-29,F,'98,"Alumni, Degreed",Bernie the St. Bernard,NA,Permanent,San Francisco,CA,94103,Chief Operating Officer,Yet Another Corporation,2500,"$100,000 - $249,999",100000,249999,Unknown,B,Qualification,2016-11-08T00:00:00Z,100,NA,100,NA,NA,1885,1885,2013-11-18T00:00:00Z,2017-06-16T00:00:00Z,Personal Correspondence,18,NA,12
ID276,Cat,40.072072072072,40-49,M,'80,"Alumni, Degreed",Bernie the St. Bernard,NA,Permanent,Winter Park,FL,32789,Supervisor,A Government Entity,2500,"$50,000 - $99,999",50000,99999,Unknown,B,Qualification,2013-03-28T00:00:00Z,50,NA,NA,NA,NA,NA,50,2018-03-12T00:00:00Z,2017-03-01T00:00:00Z,Personal Correspondence,14,NA,14
ID277,Kurt,39.6861071597913,40-49,M,'01MBA '13MLS P'13,"Alumni, Business School",Bernie the St. Bernard,NA,Permanent,Winter Park,FL,32789,Supervisor,A Nonprofit Organization,2500,"$250,000 - $499,999",250000,499999,Unknown,B,Qualification,2013-10-21T00:00:00Z,50,NA,NA,NA,NA,50,NA,NA,2017-03-02T00:00:00Z,Personal Correspondence,11,NA,18
ID278,Alberta,39.3001422475106,30-39,M,'80 P'15,"Alumni, Degreed",Bernie the St. Bernard,NA,Work,Winter Park,FL,32790,Supervisor,A Government Entity,2500,"$50,000 - $99,999",50000,99999,Unknown,B,Cultivation,2012-10-29T00:00:00Z,100,NA,NA,NA,NA,NA,100,2012-07-05T00:00:00Z,2016-12-06T00:00:00Z,Personal Correspondence,10,NA,5
ID279,Chris,38.9141773352299,30-39,M,'73,"Alumni, Degreed",Bernie the St. Bernard,NA,Permanent,Winter Park,FL,32789,Supervisor,That Corporation,2500,"$50,000 - $99,999",50000,99999,Unknown,B,Qualification,2017-03-31T00:00:00Z,100,NA,100,NA,NA,NA,NA,2017-12-13T00:00:00Z,2017-06-16T00:00:00Z,Personal Correspondence,10,NA,9
ID280,Danielle,38.5282124229492,30-39,M,'56,"Alumni, Degreed",Bernie the St. Bernard,NA,Permanent,Winter Park,FL,32789,Supervisor,Another Company,2500,"$500,000 - $999,999",500000,999999,Unknown,B,Qualification,1996-12-12T00:00:00Z,25,NA,NA,NA,NA,NA,NA,2017-01-19T00:00:00Z,2013-07-29T00:00:00Z,Personal Correspondence,13,NA,1
ID281,Lisa,38.1422475106685,30-39,F,'86,"Alumni, Degreed",Bernie the St. Bernard,NA,Work,Winter Park,FL,32789,Supervisor,Another Company,2500,"$50,000 - $99,999",50000,99999,Unknown,B,Qualification,2012-03-19T00:00:00Z,250,NA,NA,NA,NA,NA,NA,2013-07-10T00:00:00Z,2015-08-26T00:00:00Z,Email Contact,2,NA,1
ID282,Stevie Ray,37.7562825983878,30-39,M,'90,"Alumni, Degreed",Bernie the St. Bernard,NA,Permanent,Winter Park,FL,32789,Supervisor,That Corporation,2500,"$100,000 - $249,999",100000,249999,Unknown,B,Qualification,2017-04-03T00:00:00Z,250,NA,250,NA,NA,250,200,2015-12-01T00:00:00Z,2017-06-16T00:00:00Z,Personal Correspondence,11,1,11
ID283,Nora,37.3703176861071,30-39,F,'80,"Alumni, Degreed",Bernie the St. Bernard,NA,Permanent,Winter Park,FL,32789,Supervisor,This Company,2500,"$100,000 - $249,999",100000,249999,Unknown,B,Qualification,2008-12-15T00:00:00Z,500,NA,NA,NA,NA,NA,NA,2010-04-27T00:00:00Z,2009-03-27T00:00:00Z,Personal Correspondence,16,NA,7
ID284,Ophelia,36.9843527738264,30-39,F,'82,"Alumni, Degreed",Bernie the St. Bernard,NA,Permanent,Winter Park,FL,32789,Supervisor,That Corporation,125,NA,NA,NA,Unknown,B,Not a MG Prospect Now,2014-01-07T00:00:00Z,4000,NA,NA,NA,NA,4000,6000,NA,2015-11-16T00:00:00Z,Face-to-Face Visit,12,2,1
ID285,Michael,36.5983878615457,30-39,F,'66,"Alumni, Degreed",Bernie the St. Bernard,NA,Permanent,Winter Park,FL,32789,Supervisor,A Nonprofit Organization,2500,"$50,000 - $99,999",50000,99999,Unknown,B,Qualification,2017-10-11T00:00:00Z,1,NA,NA,NA,NA,NA,NA,NA,2017-11-14T00:00:00Z,Personal Correspondence,3,3,NA
ID286,David,36.212422949265,30-39,M,'92,"Alumni, Degreed",Bernie the St. Bernard,NA,Permanent,Winter Park,FL,32789,Supervisor,That Corporation,15000,"$1,000,000 - $4,999,999",1000000,4999999,High,B,Cultivation,2018-01-16T00:00:00Z,2000,12000,13000,6500,4000,13500,24000,2012-01-17T00:00:00Z,2018-02-09T00:00:00Z,Phone Call,27,5,88
ID287,Cat,35.8264580369843,30-39,M,'81,"Alumni, Degreed",Bernie the St. Bernard,NA,Permanent,Winter Park,FL,32789,Supervisor,A Nonprofit Organization,3000,"$100,000 - $249,999",100000,249999,Unknown,NA,Qualification,2017-10-06T00:00:00Z,1900,1900,1000,5000,NA,NA,NA,NA,2017-11-02T00:00:00Z,Email Contact,NA,1,3
ID288,Kurt,35.4404931247036,30-39,M,NA,Friend,Bernie the St. Bernard,NA,Work,Winter Park,FL,32789,Supervisor,A Government Entity,125,NA,NA,NA,Unknown,NA,Disqualified as a MG Prosp,2017-09-22T00:00:00Z,2100,2100,2000,4100,NA,NA,NA,NA,2018-01-10T00:00:00Z,Personal Correspondence,NA,7,5
ID289,Alberta,35.0545282124229,30-39,F,'85,"Alumni, Degreed",Bernie the St. Bernard,NA,Permanent,Winter Park,FL,32789,Supervisor,Yet Another Corporation,2500,"$100,000 - $249,999",100000,249999,Unknown,NA,Cultivation,2017-10-30T00:00:00Z,25000,30200,25000,29200,NA,8500,5000,NA,2018-01-10T00:00:00Z,Personal Correspondence,2,11,20
ID290,Chris,34.6685633001422,30-39,M,NA,Friend,Bernie the St. Bernard,NA,Permanent,Winter Park,FL,32789,Supervisor,This Company,2500,"$250,000 - $499,999",250000,499999,Unknown,NA,Qualification,2014-04-23T00:00:00Z,2000,NA,NA,NA,NA,2000,NA,NA,NA,NA,NA,NA,1
ID291,Danielle,34.2825983878615,30-39,F,'75,"Alumni, Degreed",Bernie the St. Bernard,NA,Permanent,Winter Park,FL,32789,Senior Director,That Corporation,2500,"$50,000 - $99,999",50000,99999,Low,B,Qualification,2014-03-10T00:00:00Z,100,NA,NA,NA,NA,100,NA,2013-10-16T00:00:00Z,2017-03-01T00:00:00Z,Personal Correspondence,5,NA,3
ID292,Lisa,33.8966334755808,30-39,M,'66,"Alumni, Degreed",Bernie the St. Bernard,NA,Permanent,Winter Park,FL,32789,Director,Yet Another Corporation,2500,"$100,000 - $249,999",100000,249999,Low,B,Cultivation,2016-03-07T00:00:00Z,100,NA,NA,100,NA,100,NA,2017-12-13T00:00:00Z,2014-10-16T00:00:00Z,Face-to-Face Visit,6,1,4
ID293,Stevie Ray,33.5106685633001,30-39,F,'80,"Alumni, Degreed",Bernie the St. Bernard,NA,Permanent,Winter Park,FL,32789,Chief Operating Officer,Another Company,2500,"$50,000 - $99,999",50000,99999,High,B,Stewardship,2017-01-03T00:00:00Z,100,NA,100,NA,85000,500,2385,2014-06-16T00:00:00Z,2017-12-06T00:00:00Z,Face-to-Face Visit,18,11,30
ID294,Nora,33.1247036510194,30-39,M,'69,"Alumni, Degreed",Bernie the St. Bernard,NA,Permanent,Winter Park,FL,32789,Chief Operating Officer,A Government Entity,2500,"$100,000 - $249,999",100000,249999,Unknown,C,Qualification,NA,NA,NA,NA,NA,NA,NA,NA,2014-10-17T00:00:00Z,2016-10-12T00:00:00Z,Phone Call,5,NA,NA
ID295,Ophelia,32.7387387387387,30-39,F,'74,"Alumni, Degreed",Bernie the St. Bernard,NA,Permanent,Winter Park,FL,32789,Chief Operating Officer,A Nonprofit Organization,8500,"$50,000 - $99,999",50000,99999,High,A,Not a MG Prospect Now,2017-10-19T00:00:00Z,5000,5000,5000,7100,5000,5000,1885,2004-09-14T00:00:00Z,2018-01-10T00:00:00Z,Personal Correspondence,11,10,62
ID296,Michael,32.352773826458,30-39,F,'72 P'02MBA,"Alumni, Degreed",Bernie the St. Bernard,NA,Permanent,Winter Park,FL,32789,Chief Operating Officer,That Corporation,2500,"$50,000 - $99,999",50000,99999,Unknown,B,Qualification,2017-12-23T00:00:00Z,100,100,75,75,75,NA,75,2007-11-20T00:00:00Z,2017-06-16T00:00:00Z,Personal Correspondence,9,NA,27
ID297,David,31.9668089141773,30-39,F,'84,"Alumni, Degreed",Bernie the St. Bernard,NA,Permanent,Winter Park,FL,32789,Chief Operating Officer,A Government Entity,3000,NA,NA,NA,Unknown,B,Disqualified as a MG Prosp,2017-12-27T00:00:00Z,2000,4100,4100,100,4100,4250,2300,NA,2018-01-10T00:00:00Z,Personal Correspondence,NA,8,221
ID298,Lisa,31.5808440018966,30-39,F,'11MLS P'11,"Alumni, Grad School",Bernie the St. Bernard,NA,Permanent,Winter Park,FL,32789,Chief Operating Officer,Yet Another Corporation,3000,"$50,000 - $99,999",50000,99999,Unknown,B,Not a MG Prospect Now,NA,NA,250,2000,NA,NA,4250,NA,NA,2017-07-05T00:00:00Z,Email Contact,2,11,17
ID299,Stevie Ray,31.1948790896159,30-39,F,'67MAT,"Alumni, Grad School",Bernie the St. Bernard,NA,Permanent,Winter Park,FL,32789,Chief Operating Officer,A Nonprofit Organization,2500,"$100,000 - $249,999",100000,249999,Moderate,A,Qualification,2018-03-08T00:00:00Z,50,50,500,550,50,50,1935,2004-09-30T00:00:00Z,2017-11-20T00:00:00Z,Email Contact,11,8,34
ID300,Malcolm,56,50-59,M,'84,"Alumni, Degreed",Bernie the St. Bernard,NA,Permanent,Winter Park,FL,32789,Assistant Vice President,That Corporation,4000,"$100,000 - $249,999",100000,249999,Unknown,D,Qualification,NA,NA,NA,NA,NA,NA,NA,NA,NA,NA,NA,5,NA,NA
ID301,Alberta,40,40-49,F,'00 '08MA,"Alumni, Degreed",Tommy Tar,Psychology,Permanent,Orlando,FL,32812,AVP,A Nonprofit Organization,75,NA,NA,NA,Unknown,B,Disqualified as a MG Prosp,2015-12-22T00:00:00Z,5000,NA,NA,7100,NA,NA,NA,NA,2018-01-10T00:00:00Z,Personal Correspondence,6,2,3
